id,job_id,default_weightage,date_created,date_updated,skill_id,experience_months
276,8,3,2017-04-07 16:52:02.931361+00,2017-04-07 16:52:02.9314+00,243,6
280,8,1,2017-04-07 16:52:02.959117+00,2017-04-07 16:52:02.959147+00,32,12
44,2,2,2017-01-18 03:52:28.119134+00,2017-01-18 03:52:28.119157+00,79,12
59,2,3,2017-01-18 03:52:28.168293+00,2017-01-18 03:52:28.168317+00,66,6
43,2,1,2017-01-18 03:52:28.114486+00,2017-01-18 03:52:28.11451+00,211,6
41,2,3,2017-01-18 03:52:28.105758+00,2017-01-18 03:52:28.105782+00,20,12
38,2,5,2017-01-18 03:52:28.096809+00,2017-01-18 03:52:28.096833+00,150,12
1015,48,5,2018-01-29 16:57:33.383324+00,2018-01-29 16:57:33.383346+00,7535,24
1014,48,1,2018-01-29 16:57:33.379081+00,2018-01-29 16:57:33.379104+00,306,6
1012,48,3,2018-01-29 16:57:33.365587+00,2018-01-29 16:57:33.365619+00,79,12
54,2,5,2017-01-18 03:52:28.150484+00,2017-01-18 03:52:28.150507+00,52,12
61,2,5,2017-01-18 03:52:28.174031+00,2017-01-18 03:52:28.174055+00,252,12
37,2,3,2017-01-18 03:52:28.093659+00,2017-01-18 03:52:28.093682+00,3,12
9,1,2,2017-01-18 00:11:47.85495+00,2017-01-18 00:11:47.854973+00,170,12
51,2,3,2017-01-18 03:52:28.141456+00,2017-01-18 03:52:28.141493+00,114,12
18,1,3,2017-01-18 00:11:47.881508+00,2017-01-18 00:11:47.881532+00,66,6
2,2,5,2017-01-11 18:17:11.986686+00,2017-01-11 18:17:11.986686+00,2,18
396,12,4,2017-06-18 03:19:53.080112+00,2017-06-18 03:19:53.080143+00,52,12
36,2,2,2017-01-18 03:52:28.090741+00,2017-01-18 03:52:28.090764+00,13,12
311,6,3,2017-05-25 23:13:14.002099+00,2017-05-25 23:13:14.002132+00,114,12
47,2,2,2017-01-18 03:52:28.128969+00,2017-01-18 03:52:28.128992+00,116,6
45,2,3,2017-01-18 03:52:28.122704+00,2017-01-18 03:52:28.122726+00,32,6
312,6,2,2017-05-25 23:13:14.01031+00,2017-05-25 23:13:14.010337+00,79,12
40,2,3,2017-01-18 03:52:28.102582+00,2017-01-18 03:52:28.102605+00,291,6
49,2,5,2017-01-18 03:52:28.135333+00,2017-01-18 03:52:28.13536+00,182,18
397,12,4,2017-06-18 03:19:53.086095+00,2017-06-18 03:19:53.08612+00,252,12
398,12,3,2017-06-18 03:19:53.090474+00,2017-06-18 03:19:53.090498+00,211,12
336,16,5,2017-06-02 17:49:46.429414+00,2017-06-02 17:49:46.429445+00,7483,12
360,16,5,2017-06-12 20:21:43.070697+00,2017-06-12 20:21:43.070736+00,7424,6
399,12,5,2017-06-18 03:19:53.094928+00,2017-06-18 03:19:53.094951+00,2,12
33,2,3,2017-01-18 03:52:28.081361+00,2017-01-18 03:52:28.081384+00,60,6
400,12,5,2017-06-18 03:19:53.099204+00,2017-06-18 03:19:53.099226+00,170,18
55,2,2,2017-01-18 03:52:28.153331+00,2017-01-18 03:52:28.153354+00,70,12
57,2,3,2017-01-18 03:52:28.159303+00,2017-01-18 03:52:28.159327+00,202,12
292,10,3,2017-04-25 21:45:46.575632+00,2017-04-25 21:45:46.575667+00,170,12
295,10,3,2017-04-25 21:45:46.589868+00,2017-04-25 21:45:46.589893+00,203,12
277,8,1,2017-04-07 16:52:02.939195+00,2017-04-07 16:52:02.939221+00,34,6
89,4,4,2017-02-10 22:42:52.539497+00,2017-02-10 22:42:52.539521+00,228,12
85,4,1,2017-02-10 22:42:52.521398+00,2017-02-10 22:42:52.521422+00,323,6
12,1,1,2017-01-18 00:11:47.864011+00,2017-01-18 00:11:47.864035+00,195,18
4,1,2,2017-01-18 00:11:47.839859+00,2017-01-18 00:11:47.839883+00,323,12
73,4,2,2017-02-10 22:42:52.457049+00,2017-02-10 22:42:52.457074+00,20,12
82,4,3,2017-02-10 22:42:52.50312+00,2017-02-10 22:42:52.503145+00,211,12
77,4,4,2017-02-10 22:42:52.481131+00,2017-02-10 22:42:52.481156+00,13,18
83,4,1,2017-02-10 22:42:52.507468+00,2017-02-10 22:42:52.507495+00,12,6
72,4,4,2017-02-10 22:42:52.452651+00,2017-02-10 22:42:52.452675+00,288,18
87,4,4,2017-02-10 22:42:52.530959+00,2017-02-10 22:42:52.530983+00,70,18
69,4,3,2017-02-10 22:42:52.439656+00,2017-02-10 22:42:52.43968+00,31,12
67,4,1,2017-02-10 22:42:52.430535+00,2017-02-10 22:42:52.43056+00,203,6
15,1,5,2017-01-18 00:11:47.872733+00,2017-01-18 00:11:47.872757+00,20,12
66,4,5,2017-02-10 22:42:52.426201+00,2017-02-10 22:42:52.426225+00,3,12
80,4,2,2017-02-10 22:42:52.494121+00,2017-02-10 22:42:52.494145+00,243,6
68,4,5,2017-02-10 22:42:52.435074+00,2017-02-10 22:42:52.435098+00,32,18
23,1,1,2017-01-18 00:11:47.903293+00,2017-01-18 00:11:47.903316+00,70,12
78,4,2,2017-02-10 22:42:52.485577+00,2017-02-10 22:42:52.485602+00,252,12
278,8,1,2017-04-07 16:52:02.945943+00,2017-04-07 16:52:02.945977+00,235,12
81,4,4,2017-02-10 22:42:52.498686+00,2017-02-10 22:42:52.498711+00,114,12
6,1,1,2017-01-18 00:11:47.845811+00,2017-01-18 00:11:47.845834+00,116,6
11,1,3,2017-01-18 00:11:47.860926+00,2017-01-18 00:11:47.86095+00,174,6
27,1,2,2017-01-18 00:11:47.914741+00,2017-01-18 00:11:47.914765+00,203,12
84,4,5,2017-02-10 22:42:52.516483+00,2017-02-10 22:42:52.516509+00,178,12
17,1,1,2017-01-18 00:11:47.878519+00,2017-01-18 00:11:47.878542+00,34,6
26,1,3,2017-01-18 00:11:47.911993+00,2017-01-18 00:11:47.912016+00,106,12
25,1,5,2017-01-18 00:11:47.909209+00,2017-01-18 00:11:47.909233+00,252,18
21,1,5,2017-01-18 00:11:47.897604+00,2017-01-18 00:11:47.897628+00,12,12
8,1,3,2017-01-18 00:11:47.851833+00,2017-01-18 00:11:47.851873+00,32,12
19,1,3,2017-01-18 00:11:47.891859+00,2017-01-18 00:11:47.891883+00,3,6
279,8,1,2017-04-07 16:52:02.952591+00,2017-04-07 16:52:02.952625+00,190,12
14,1,1,2017-01-18 00:11:47.869766+00,2017-01-18 00:11:47.869789+00,13,12
24,1,1,2017-01-18 00:11:47.906146+00,2017-01-18 00:11:47.90617+00,127,12
22,1,3,2017-01-18 00:11:47.900412+00,2017-01-18 00:11:47.900436+00,114,12
1,1,5,2017-01-11 18:17:11.986686+00,2017-01-11 18:17:11.986686+00,52,18
325,13,1,2017-05-25 23:45:11.740774+00,2017-05-25 23:45:11.740812+00,114,18
16,1,1,2017-01-18 00:11:47.875455+00,2017-01-18 00:11:47.875482+00,79,12
7,1,1,2017-01-18 00:11:47.848707+00,2017-01-18 00:11:47.84873+00,31,12
29,2,4,2017-01-18 03:52:28.057984+00,2017-01-18 03:52:28.058013+00,14,6
326,13,1,2017-05-25 23:45:11.74522+00,2017-05-25 23:45:11.745245+00,190,12
401,12,5,2017-06-18 03:19:53.103188+00,2017-06-18 03:19:53.103211+00,203,18
402,12,4,2017-06-18 03:19:53.107266+00,2017-06-18 03:19:53.107289+00,57,12
403,12,3,2017-06-18 03:19:53.111205+00,2017-06-18 03:19:53.111229+00,66,12
404,12,2,2017-06-18 03:19:53.115244+00,2017-06-18 03:19:53.115267+00,176,12
405,12,5,2017-06-18 03:19:53.119649+00,2017-06-18 03:19:53.119675+00,182,12
406,12,3,2017-06-18 03:19:53.135126+00,2017-06-18 03:19:53.13515+00,14,12
407,12,4,2017-06-18 03:19:53.139444+00,2017-06-18 03:19:53.139468+00,32,18
408,12,2,2017-06-18 03:19:53.143408+00,2017-06-18 03:19:53.143431+00,13,12
409,12,4,2017-06-18 03:19:53.147468+00,2017-06-18 03:19:53.147491+00,3,12
327,13,1,2017-05-25 23:45:11.749214+00,2017-05-25 23:45:11.749239+00,79,12
324,13,1,2017-05-25 23:45:11.725177+00,2017-05-25 23:45:11.725212+00,235,12
428,14,5,2017-06-18 03:38:31.143195+00,2017-06-18 03:38:31.143226+00,20,12
429,14,4,2017-06-18 03:38:31.150662+00,2017-06-18 03:38:31.150687+00,70,12
373,20,5,2017-06-16 21:40:53.43889+00,2017-06-16 21:40:53.438921+00,794,12
31,2,4,2017-01-18 03:52:28.065341+00,2017-01-18 03:52:28.065364+00,31,6
281,7,3,2017-04-10 16:33:19.409498+00,2017-04-10 16:33:19.409531+00,513,6
282,7,3,2017-04-10 16:33:19.421653+00,2017-04-10 16:33:19.421692+00,243,6
148,7,4,2017-03-07 19:33:53.395978+00,2017-03-07 19:33:53.396+00,756,12
137,7,5,2017-03-07 19:15:40.153903+00,2017-03-07 19:15:40.153928+00,252,12
145,7,2,2017-03-07 19:33:53.382475+00,2017-03-07 19:33:53.382499+00,34,6
343,16,5,2017-06-06 15:53:05.917925+00,2017-06-06 15:53:05.917951+00,7406,12
146,7,1,2017-03-07 19:33:53.386967+00,2017-03-07 19:33:53.387+00,170,12
349,16,5,2017-06-06 15:53:05.951702+00,2017-06-06 15:53:05.951724+00,6633,12
339,16,5,2017-06-06 15:53:05.899399+00,2017-06-06 15:53:05.899421+00,7474,12
376,2,4,2017-06-18 01:15:54.440921+00,2017-06-18 01:15:54.440945+00,170,12
149,7,1,2017-03-07 19:33:53.400574+00,2017-03-07 19:33:53.400598+00,203,12
344,16,5,2017-06-06 15:53:05.921927+00,2017-06-06 15:53:05.921953+00,7419,6
136,7,3,2017-03-07 19:15:40.149124+00,2017-03-07 19:15:40.149148+00,235,12
141,7,2,2017-03-07 19:33:53.356798+00,2017-03-07 19:33:53.356836+00,13,12
150,7,2,2017-03-07 19:33:53.410907+00,2017-03-07 19:33:53.41093+00,32,12
142,7,2,2017-03-07 19:33:53.367683+00,2017-03-07 19:33:53.367707+00,70,12
377,2,3,2017-06-18 01:15:54.445205+00,2017-06-18 01:15:54.445228+00,176,6
361,16,1,2017-06-13 15:09:53.168866+00,2017-06-13 15:09:53.1689+00,7423,6
298,10,2,2017-04-25 22:01:16.145788+00,2017-04-25 22:01:16.145826+00,114,12
1019,48,5,2018-01-29 16:57:33.400058+00,2018-01-29 16:57:33.400081+00,32,12
112,5,3,2017-03-07 18:44:49.974296+00,2017-03-07 18:44:49.974345+00,294,6
105,5,3,2017-03-07 18:44:49.939146+00,2017-03-07 18:44:49.939186+00,438,6
111,5,3,2017-03-07 18:44:49.969945+00,2017-03-07 18:44:49.969972+00,331,6
108,5,3,2017-03-07 18:44:49.956292+00,2017-03-07 18:44:49.95633+00,1312,6
114,5,3,2017-03-07 18:44:49.990148+00,2017-03-07 18:44:49.990173+00,167,6
140,7,3,2017-03-07 19:15:40.168931+00,2017-03-07 19:15:40.168957+00,20,12
95,4,1,2017-02-10 22:42:52.647107+00,2017-02-10 22:42:52.64713+00,405,0
94,4,4,2017-02-10 22:42:52.642775+00,2017-02-10 22:42:52.642799+00,79,18
301,10,2,2017-04-25 22:01:16.158767+00,2017-04-25 22:01:16.158792+00,3,18
98,4,3,2017-02-10 22:42:52.660482+00,2017-02-10 22:42:52.660507+00,173,6
122,6,3,2017-03-07 19:01:13.865624+00,2017-03-07 19:01:13.865662+00,491,18
129,6,2,2017-03-07 19:06:52.841032+00,2017-03-07 19:06:52.841057+00,235,12
123,6,3,2017-03-07 19:01:13.874838+00,2017-03-07 19:01:13.874864+00,170,18
124,6,3,2017-03-07 19:01:13.8794+00,2017-03-07 19:01:13.879423+00,203,18
125,6,2,2017-03-07 19:06:52.820447+00,2017-03-07 19:06:52.820484+00,190,12
104,4,3,2017-02-14 22:33:24.941992+00,2017-02-14 22:33:24.942016+00,744,12
91,4,1,2017-02-10 22:42:52.629526+00,2017-02-10 22:42:52.629562+00,491,6
126,6,5,2017-03-07 19:06:52.827101+00,2017-03-07 19:06:52.827125+00,32,12
127,6,5,2017-03-07 19:06:52.831709+00,2017-03-07 19:06:52.831731+00,737,0
128,6,5,2017-03-07 19:06:52.836343+00,2017-03-07 19:06:52.83637+00,88,12
130,6,5,2017-03-07 19:06:52.845675+00,2017-03-07 19:06:52.845702+00,620,12
131,6,5,2017-03-07 19:06:52.850399+00,2017-03-07 19:06:52.850423+00,20,12
132,6,5,2017-03-07 19:06:52.854812+00,2017-03-07 19:06:52.854837+00,106,12
378,2,4,2017-06-18 01:15:54.464989+00,2017-06-18 01:15:54.465011+00,203,12
375,2,5,2017-06-18 01:15:54.436533+00,2017-06-18 01:15:54.436554+00,57,6
362,16,1,2017-06-13 15:09:53.174829+00,2017-06-13 15:09:53.174855+00,7377,12
313,9,1,2017-05-25 23:24:22.917546+00,2017-05-25 23:24:22.917579+00,235,0
314,9,1,2017-05-25 23:24:22.92356+00,2017-05-25 23:24:22.923584+00,190,0
315,9,1,2017-05-25 23:24:22.92829+00,2017-05-25 23:24:22.928318+00,79,0
1016,48,2,2018-01-29 16:57:33.388086+00,2018-01-29 16:57:33.388108+00,7453,6
341,16,2,2017-06-06 15:53:05.908254+00,2017-06-06 15:53:05.908276+00,7453,6
115,5,5,2017-03-07 18:44:49.994784+00,2017-03-07 18:44:49.994809+00,190,12
106,5,3,2017-03-07 18:44:49.947189+00,2017-03-07 18:44:49.947214+00,355,6
121,5,4,2017-03-07 18:44:50.021401+00,2017-03-07 18:44:50.021426+00,244,12
410,13,5,2017-06-18 03:32:26.994358+00,2017-06-18 03:32:26.994388+00,20,12
411,13,4,2017-06-18 03:32:27.000218+00,2017-06-18 03:32:27.00024+00,28,12
107,5,3,2017-03-07 18:44:49.951864+00,2017-03-07 18:44:49.951889+00,356,6
109,5,4,2017-03-07 18:44:49.960899+00,2017-03-07 18:44:49.960925+00,446,12
116,5,2,2017-03-07 18:44:49.999057+00,2017-03-07 18:44:49.999081+00,276,12
118,5,5,2017-03-07 18:44:50.008115+00,2017-03-07 18:44:50.008142+00,235,12
120,5,5,2017-03-07 18:44:50.016826+00,2017-03-07 18:44:50.016863+00,20,12
113,5,5,2017-03-07 18:44:49.978689+00,2017-03-07 18:44:49.978726+00,31,18
90,4,5,2017-02-10 22:42:52.543777+00,2017-02-10 22:42:52.543801+00,225,12
103,4,3,2017-02-14 22:33:24.935769+00,2017-02-14 22:33:24.935803+00,1286,12
92,4,2,2017-02-10 22:42:52.634011+00,2017-02-10 22:42:52.634039+00,106,12
1020,48,1,2018-01-29 16:57:33.40381+00,2018-01-29 16:57:33.403832+00,7512,12
138,7,3,2017-03-07 19:15:40.159202+00,2017-03-07 19:15:40.159226+00,211,6
412,13,3,2017-06-18 03:32:27.004713+00,2017-06-18 03:32:27.004735+00,57,6
345,16,4,2017-06-06 15:53:05.92599+00,2017-06-06 15:53:05.926015+00,7557,18
347,16,4,2017-06-06 15:53:05.942586+00,2017-06-06 15:53:05.942612+00,178,6
340,16,5,2017-06-06 15:53:05.904079+00,2017-06-06 15:53:05.904101+00,7420,12
342,16,5,2017-06-06 15:53:05.91231+00,2017-06-06 15:53:05.912333+00,7411,12
338,16,3,2017-06-06 15:53:05.895125+00,2017-06-06 15:53:05.895147+00,57,6
348,16,5,2017-06-06 15:53:05.947516+00,2017-06-06 15:53:05.947539+00,114,6
337,16,3,2017-06-06 15:53:05.889275+00,2017-06-06 15:53:05.889316+00,306,6
346,16,3,2017-06-06 15:53:05.938397+00,2017-06-06 15:53:05.938421+00,7421,6
413,13,3,2017-06-18 03:32:27.008787+00,2017-06-18 03:32:27.008812+00,13,12
414,13,5,2017-06-18 03:32:27.012985+00,2017-06-18 03:32:27.013007+00,2,18
415,13,5,2017-06-18 03:32:27.016977+00,2017-06-18 03:32:27.016999+00,60,12
416,13,5,2017-06-18 03:32:27.03892+00,2017-06-18 03:32:27.03895+00,291,12
417,13,4,2017-06-18 03:32:27.043311+00,2017-06-18 03:32:27.043334+00,3,18
418,13,4,2017-06-18 03:32:27.048771+00,2017-06-18 03:32:27.048793+00,176,12
419,13,4,2017-06-18 03:32:27.053779+00,2017-06-18 03:32:27.053802+00,32,12
420,13,5,2017-06-18 03:32:27.068662+00,2017-06-18 03:32:27.068693+00,52,12
421,13,4,2017-06-18 03:32:27.072822+00,2017-06-18 03:32:27.072845+00,66,12
422,13,4,2017-06-18 03:32:27.076705+00,2017-06-18 03:32:27.076727+00,211,12
423,13,5,2017-06-18 03:32:27.08058+00,2017-06-18 03:32:27.080602+00,182,18
331,14,1,2017-05-25 23:48:07.440894+00,2017-05-25 23:48:07.440922+00,79,12
329,14,1,2017-05-25 23:48:07.431734+00,2017-05-25 23:48:07.43176+00,235,12
330,14,1,2017-05-25 23:48:07.436277+00,2017-05-25 23:48:07.436303+00,114,12
374,2,3,2017-06-18 01:15:54.431018+00,2017-06-18 01:15:54.43105+00,28,6
1018,48,3,2018-01-29 16:57:33.396356+00,2018-01-29 16:57:33.396378+00,70,24
172,8,5,2017-03-07 20:43:21.429241+00,2017-03-07 20:43:21.429267+00,20,12
350,16,3,2017-06-06 16:10:02.788806+00,2017-06-06 16:10:02.788838+00,7556,6
161,7,5,2017-03-07 19:33:53.461943+00,2017-03-07 19:33:53.461965+00,52,12
181,8,1,2017-03-07 20:43:21.471385+00,2017-03-07 20:43:21.471411+00,12,12
184,8,5,2017-03-07 20:43:21.485511+00,2017-03-07 20:43:21.485548+00,52,12
182,8,1,2017-03-07 20:43:21.476046+00,2017-03-07 20:43:21.476096+00,3,6
186,8,3,2017-03-07 20:43:21.4956+00,2017-03-07 20:43:21.495625+00,106,12
167,8,2,2017-03-07 20:43:21.397044+00,2017-03-07 20:43:21.397077+00,13,12
183,8,2,2017-03-07 20:43:21.48084+00,2017-03-07 20:43:21.480861+00,70,12
155,7,5,2017-03-07 19:33:53.435187+00,2017-03-07 19:33:53.435211+00,31,12
284,5,4,2017-04-11 18:27:20.506303+00,2017-04-11 18:27:20.50633+00,14,6
179,8,1,2017-03-07 20:43:21.46196+00,2017-03-07 20:43:21.461984+00,116,6
286,5,5,2017-04-11 18:27:20.520957+00,2017-04-11 18:27:20.520982+00,79,12
154,7,4,2017-03-07 19:33:53.430343+00,2017-03-07 19:33:53.430368+00,114,12
153,7,5,2017-03-07 19:33:53.426037+00,2017-03-07 19:33:53.426063+00,12,12
168,8,5,2017-03-07 20:43:21.401869+00,2017-03-07 20:43:21.401906+00,203,12
178,8,1,2017-03-07 20:43:21.457497+00,2017-03-07 20:43:21.457521+00,174,6
152,7,2,2017-03-07 19:33:53.421502+00,2017-03-07 19:33:53.421527+00,79,12
287,5,3,2017-04-11 18:27:20.52817+00,2017-04-11 18:27:20.528196+00,12,6
176,8,3,2017-03-07 20:43:21.448324+00,2017-03-07 20:43:21.448348+00,66,6
175,8,1,2017-03-07 20:43:21.443361+00,2017-03-07 20:43:21.443396+00,756,12
289,5,5,2017-04-11 18:27:20.542248+00,2017-04-11 18:27:20.542274+00,3,6
166,8,3,2017-03-07 20:43:21.386744+00,2017-03-07 20:43:21.386774+00,211,6
163,7,1,2017-03-07 19:33:53.481181+00,2017-03-07 19:33:53.481216+00,106,12
288,5,0,2017-04-11 18:27:20.535111+00,2017-04-11 18:27:20.535137+00,32,12
197,9,0,2017-03-07 21:18:09.246242+00,2017-03-07 21:18:09.246267+00,3,0
203,9,0,2017-03-07 21:18:09.272478+00,2017-03-07 21:18:09.272502+00,1127,0
217,9,0,2017-03-07 21:18:11.130198+00,2017-03-07 21:18:11.130235+00,1127,0
193,9,1,2017-03-07 21:18:09.228802+00,2017-03-07 21:18:09.228826+00,70,0
215,9,0,2017-03-07 21:18:11.12107+00,2017-03-07 21:18:11.121094+00,620,6
195,9,0,2017-03-07 21:18:09.237665+00,2017-03-07 21:18:09.237689+00,620,6
224,9,3,2017-03-07 21:18:11.168787+00,2017-03-07 21:18:11.168815+00,491,0
200,9,3,2017-03-07 21:18:09.259062+00,2017-03-07 21:18:09.259103+00,491,0
187,9,1,2017-03-07 21:18:09.193651+00,2017-03-07 21:18:09.193688+00,756,0
188,9,3,2017-03-07 21:18:09.206232+00,2017-03-07 21:18:09.206263+00,66,0
190,9,1,2017-03-07 21:18:09.21569+00,2017-03-07 21:18:09.215714+00,114,0
220,9,1,2017-03-07 21:18:11.151787+00,2017-03-07 21:18:11.151812+00,116,0
204,9,1,2017-03-07 21:18:09.2767+00,2017-03-07 21:18:09.276724+00,116,0
192,9,0,2017-03-07 21:18:09.22458+00,2017-03-07 21:18:09.224606+00,52,12
222,9,3,2017-03-07 21:18:11.160349+00,2017-03-07 21:18:11.160385+00,323,0
191,9,3,2017-03-07 21:18:09.22002+00,2017-03-07 21:18:09.220045+00,323,0
209,9,0,2017-03-07 21:18:09.313835+00,2017-03-07 21:18:09.313859+00,3578,12
223,9,5,2017-03-07 21:18:11.164531+00,2017-03-07 21:18:11.164556+00,3082,0
202,9,5,2017-03-07 21:18:09.267928+00,2017-03-07 21:18:09.267952+00,3082,0
206,9,0,2017-03-07 21:18:09.285264+00,2017-03-07 21:18:09.285287+00,211,6
205,9,5,2017-03-07 21:18:09.280714+00,2017-03-07 21:18:09.280738+00,2747,0
212,9,1,2017-03-07 21:18:11.106254+00,2017-03-07 21:18:11.106291+00,13,0
201,9,1,2017-03-07 21:18:09.26381+00,2017-03-07 21:18:09.263835+00,13,0
219,9,3,2017-03-07 21:18:11.146364+00,2017-03-07 21:18:11.146393+00,203,0
196,9,3,2017-03-07 21:18:09.241875+00,2017-03-07 21:18:09.241899+00,203,0
218,9,5,2017-03-07 21:18:11.134592+00,2017-03-07 21:18:11.134617+00,170,0
194,9,5,2017-03-07 21:18:09.233096+00,2017-03-07 21:18:09.233123+00,170,0
210,9,0,2017-03-07 21:18:09.31855+00,2017-03-07 21:18:09.318574+00,20,6
213,9,0,2017-03-07 21:18:11.111872+00,2017-03-07 21:18:11.111898+00,150,12
199,9,0,2017-03-07 21:18:09.254687+00,2017-03-07 21:18:09.25471+00,150,12
214,9,1,2017-03-07 21:18:11.116625+00,2017-03-07 21:18:11.11665+00,12,0
198,9,1,2017-03-07 21:18:09.250433+00,2017-03-07 21:18:09.250457+00,12,0
189,9,0,2017-03-07 21:18:09.21106+00,2017-03-07 21:18:09.211083+00,174,6
207,9,3,2017-03-07 21:18:09.290546+00,2017-03-07 21:18:09.29057+00,241,0
221,9,3,2017-03-07 21:18:11.1562+00,2017-03-07 21:18:11.156224+00,1953,0
211,9,3,2017-03-07 21:18:09.322972+00,2017-03-07 21:18:09.322996+00,1953,0
216,9,1,2017-03-07 21:18:11.125722+00,2017-03-07 21:18:11.125754+00,5316,0
208,9,1,2017-03-07 21:18:09.302424+00,2017-03-07 21:18:09.302449+00,5316,0
162,7,1,2017-03-07 19:33:53.476232+00,2017-03-07 19:33:53.476256+00,323,12
157,7,1,2017-03-07 19:33:53.444273+00,2017-03-07 19:33:53.444299+00,116,6
156,7,1,2017-03-07 19:33:53.439912+00,2017-03-07 19:33:53.439934+00,174,6
304,10,2,2017-04-25 22:33:57.828196+00,2017-04-25 22:33:57.828236+00,32,12
151,7,3,2017-03-07 19:33:53.416014+00,2017-03-07 19:33:53.416063+00,66,6
1026,48,5,2018-01-29 16:57:33.426586+00,2018-01-29 16:57:33.426609+00,7428,12
1056,36,3,2018-02-27 19:50:36.448067+00,2018-02-27 19:50:36.448105+00,7537,12
1027,48,2,2018-01-29 16:57:33.430228+00,2018-01-29 16:57:33.43025+00,7384,12
169,8,5,2017-03-07 20:43:21.406844+00,2017-03-07 20:43:21.406873+00,170,12
1021,48,2,2018-01-29 16:57:33.407693+00,2018-01-29 16:57:33.407715+00,211,12
1022,48,5,2018-01-29 16:57:33.411628+00,2018-01-29 16:57:33.41165+00,3,12
332,15,1,2017-05-25 23:51:07.096025+00,2017-05-25 23:51:07.096058+00,114,0
333,15,1,2017-05-25 23:51:07.102444+00,2017-05-25 23:51:07.102468+00,190,0
334,15,1,2017-05-25 23:51:07.106794+00,2017-05-25 23:51:07.10682+00,79,0
335,15,1,2017-05-25 23:51:07.112318+00,2017-05-25 23:51:07.112356+00,235,0
177,8,1,2017-03-07 20:43:21.45294+00,2017-03-07 20:43:21.452965+00,114,12
351,16,5,2017-06-06 16:10:02.794958+00,2017-06-06 16:10:02.794985+00,304,6
352,16,5,2017-06-06 16:10:02.79927+00,2017-06-06 16:10:02.799296+00,7428,12
353,16,1,2017-06-06 16:10:02.803587+00,2017-06-06 16:10:02.803614+00,96,6
354,16,5,2017-06-06 16:10:02.807804+00,2017-06-06 16:10:02.807847+00,7378,12
355,16,5,2017-06-06 16:10:02.828568+00,2017-06-06 16:10:02.828602+00,6635,6
317,11,1,2017-05-25 23:33:36.562924+00,2017-05-25 23:33:36.56296+00,114,12
319,11,1,2017-05-25 23:33:36.571659+00,2017-05-25 23:33:36.571684+00,79,12
1028,48,2,2018-01-29 16:57:33.433717+00,2018-01-29 16:57:33.433739+00,190,12
1025,48,1,2018-01-29 16:57:33.422993+00,2018-01-29 16:57:33.423017+00,57,12
1023,48,1,2018-01-29 16:57:33.415503+00,2018-01-29 16:57:33.415528+00,7538,12
1024,48,2,2018-01-29 16:57:33.419271+00,2018-01-29 16:57:33.419295+00,235,12
1057,36,2,2018-02-27 19:50:36.45564+00,2018-02-27 19:50:36.455664+00,7628,6
1058,36,2,2018-02-27 19:50:36.460906+00,2018-02-27 19:50:36.460932+00,7507,6
231,9,0,2017-03-07 21:18:11.200935+00,2017-03-07 21:18:11.20096+00,3,0
229,9,1,2017-03-07 21:18:11.19091+00,2017-03-07 21:18:11.190936+00,70,0
228,9,1,2017-03-07 21:18:11.186094+00,2017-03-07 21:18:11.186119+00,756,0
225,9,3,2017-03-07 21:18:11.172895+00,2017-03-07 21:18:11.172932+00,66,0
230,9,1,2017-03-07 21:18:11.19645+00,2017-03-07 21:18:11.196475+00,114,0
233,9,0,2017-03-07 21:18:11.209248+00,2017-03-07 21:18:11.209285+00,52,12
235,9,0,2017-03-07 21:18:11.217806+00,2017-03-07 21:18:11.217831+00,3578,12
227,9,0,2017-03-07 21:18:11.181444+00,2017-03-07 21:18:11.181468+00,211,6
232,9,5,2017-03-07 21:18:11.204981+00,2017-03-07 21:18:11.205006+00,2747,0
236,9,0,2017-03-07 21:18:11.222224+00,2017-03-07 21:18:11.222248+00,20,6
226,9,0,2017-03-07 21:18:11.177192+00,2017-03-07 21:18:11.177222+00,174,6
234,9,3,2017-03-07 21:18:11.213613+00,2017-03-07 21:18:11.213638+00,241,0
237,5,5,2017-04-05 16:51:20.414538+00,2017-04-05 16:51:20.414573+00,6632,6
238,5,5,2017-04-05 16:51:20.420377+00,2017-04-05 16:51:20.420409+00,6631,6
239,5,5,2017-04-05 16:51:20.424571+00,2017-04-05 16:51:20.424597+00,225,6
240,5,5,2017-04-05 16:51:20.42872+00,2017-04-05 16:51:20.428746+00,60,12
241,5,3,2017-04-05 16:51:20.444084+00,2017-04-05 16:51:20.444119+00,6627,6
242,5,5,2017-04-05 16:51:20.450443+00,2017-04-05 16:51:20.45047+00,6642,6
243,5,5,2017-04-05 16:51:20.454603+00,2017-04-05 16:51:20.454629+00,6638,12
244,5,5,2017-04-05 16:51:20.45869+00,2017-04-05 16:51:20.458716+00,166,12
245,5,5,2017-04-05 16:51:20.462756+00,2017-04-05 16:51:20.462782+00,175,12
246,5,5,2017-04-05 16:51:20.46665+00,2017-04-05 16:51:20.466676+00,114,6
247,5,5,2017-04-05 16:51:20.470669+00,2017-04-05 16:51:20.470695+00,3545,12
248,5,5,2017-04-05 16:51:20.474681+00,2017-04-05 16:51:20.474707+00,291,12
249,5,4,2017-04-05 16:51:20.478662+00,2017-04-05 16:51:20.478688+00,6639,12
250,5,5,2017-04-05 16:51:20.482689+00,2017-04-05 16:51:20.482714+00,756,6
251,5,5,2017-04-05 16:51:20.486683+00,2017-04-05 16:51:20.486709+00,6635,12
252,5,5,2017-04-05 16:51:20.490737+00,2017-04-05 16:51:20.490763+00,6634,6
253,5,3,2017-04-05 16:51:20.494651+00,2017-04-05 16:51:20.494677+00,6630,6
254,5,5,2017-04-05 16:51:20.498604+00,2017-04-05 16:51:20.498633+00,6637,12
255,5,5,2017-04-05 16:51:20.502574+00,2017-04-05 16:51:20.502601+00,6633,12
256,5,3,2017-04-05 16:51:20.506553+00,2017-04-05 16:51:20.506578+00,6628,6
263,7,4,2017-04-07 14:59:02.877005+00,2017-04-07 14:59:02.877044+00,6642,6
260,4,5,2017-04-06 22:10:36.476133+00,2017-04-06 22:10:36.476171+00,235,12
261,4,5,2017-04-06 22:10:36.48409+00,2017-04-06 22:10:36.484116+00,190,12
264,1,2,2017-04-07 15:08:47.193216+00,2017-04-07 15:08:47.193255+00,190,12
265,1,3,2017-04-07 15:08:47.205306+00,2017-04-07 15:08:47.205344+00,756,12
266,1,2,2017-04-07 15:08:47.221748+00,2017-04-07 15:08:47.221787+00,235,12
259,1,2,2017-04-06 21:04:33.018887+00,2017-04-06 21:04:33.018919+00,6642,6
258,1,2,2017-04-06 21:04:33.008802+00,2017-04-06 21:04:33.008831+00,225,6
267,4,2,2017-04-07 15:13:15.937423+00,2017-04-07 15:13:15.937462+00,52,12
268,4,2,2017-04-07 15:13:15.945859+00,2017-04-07 15:13:15.945895+00,513,6
269,5,3,2017-04-07 15:17:45.342747+00,2017-04-07 15:17:45.342784+00,243,6
270,5,3,2017-04-07 15:17:45.352284+00,2017-04-07 15:17:45.352313+00,513,6
271,8,5,2017-04-07 16:25:54.313345+00,2017-04-07 16:25:54.313384+00,225,6
273,8,2,2017-04-07 16:25:54.334989+00,2017-04-07 16:25:54.335016+00,79,12
274,8,5,2017-04-07 16:25:54.34073+00,2017-04-07 16:25:54.340757+00,6642,6
275,8,1,2017-04-07 16:25:54.347029+00,2017-04-07 16:25:54.347055+00,31,12
272,8,4,2017-04-07 16:25:54.329093+00,2017-04-07 16:25:54.329132+00,252,12
356,16,5,2017-06-06 16:10:02.842024+00,2017-06-06 16:10:02.842057+00,3,18
357,16,5,2017-06-06 16:10:02.846461+00,2017-06-06 16:10:02.846489+00,6638,12
358,16,3,2017-06-06 16:10:02.8507+00,2017-06-06 16:10:02.850724+00,7495,6
359,16,3,2017-06-06 16:10:02.854773+00,2017-06-06 16:10:02.854798+00,7442,6
363,5,3,2017-06-15 16:20:16.159116+00,2017-06-15 16:20:16.159146+00,306,12
364,5,2,2017-06-15 16:20:16.164336+00,2017-06-15 16:20:16.16437+00,283,12
365,5,4,2017-06-15 16:20:16.168451+00,2017-06-15 16:20:16.168474+00,311,6
366,5,5,2017-06-15 16:20:16.172583+00,2017-06-15 16:20:16.172606+00,57,6
367,5,5,2017-06-15 16:20:16.177052+00,2017-06-15 16:20:16.177077+00,304,12
368,5,2,2017-06-15 16:20:16.181213+00,2017-06-15 16:20:16.181237+00,176,12
369,5,3,2017-06-15 16:20:16.200946+00,2017-06-15 16:20:16.20097+00,105,6
372,19,4,2017-06-16 21:35:55.657855+00,2017-06-16 21:35:55.657887+00,794,12
379,11,2,2017-06-18 03:10:28.959382+00,2017-06-18 03:10:28.959411+00,32,12
380,11,5,2017-06-18 03:10:28.964917+00,2017-06-18 03:10:28.964939+00,20,12
381,11,3,2017-06-18 03:10:28.96903+00,2017-06-18 03:10:28.969052+00,28,12
382,11,5,2017-06-18 03:10:28.973246+00,2017-06-18 03:10:28.973267+00,57,12
383,11,2,2017-06-18 03:10:28.977269+00,2017-06-18 03:10:28.977291+00,170,12
384,11,2,2017-06-18 03:10:28.981402+00,2017-06-18 03:10:28.981423+00,13,12
385,11,5,2017-06-18 03:10:28.985799+00,2017-06-18 03:10:28.985822+00,2,18
386,11,5,2017-06-18 03:10:28.989849+00,2017-06-18 03:10:28.989871+00,202,12
387,11,5,2017-06-18 03:10:28.993972+00,2017-06-18 03:10:28.993997+00,182,18
388,11,4,2017-06-18 03:10:28.998377+00,2017-06-18 03:10:28.9984+00,60,12
389,11,2,2017-06-18 03:10:29.00271+00,2017-06-18 03:10:29.002732+00,203,12
390,11,4,2017-06-18 03:10:29.006529+00,2017-06-18 03:10:29.006552+00,52,12
391,11,4,2017-06-18 03:10:29.011342+00,2017-06-18 03:10:29.011367+00,66,12
392,11,4,2017-06-18 03:10:29.015397+00,2017-06-18 03:10:29.015421+00,252,12
393,11,4,2017-06-18 03:10:29.019854+00,2017-06-18 03:10:29.019876+00,291,12
394,11,2,2017-06-18 03:10:29.033562+00,2017-06-18 03:10:29.033584+00,3,12
395,11,3,2017-06-18 03:10:29.037714+00,2017-06-18 03:10:29.037737+00,31,12
321,12,1,2017-05-25 23:38:50.277146+00,2017-05-25 23:38:50.277172+00,114,12
430,14,5,2017-06-18 03:38:31.154799+00,2017-06-18 03:38:31.154826+00,2,18
322,12,1,2017-05-25 23:38:50.282335+00,2017-05-25 23:38:50.282358+00,190,12
320,12,1,2017-05-25 23:38:50.270475+00,2017-05-25 23:38:50.270521+00,235,12
323,12,2,2017-05-25 23:38:50.286465+00,2017-05-25 23:38:50.286491+00,79,12
424,13,4,2017-06-18 03:32:27.084688+00,2017-06-18 03:32:27.08471+00,14,12
425,13,3,2017-06-18 03:32:27.089206+00,2017-06-18 03:32:27.089228+00,70,12
426,13,5,2017-06-18 03:32:27.093122+00,2017-06-18 03:32:27.093144+00,31,18
427,13,5,2017-06-18 03:32:27.097256+00,2017-06-18 03:32:27.097278+00,252,12
431,14,3,2017-06-18 03:38:31.159494+00,2017-06-18 03:38:31.159517+00,203,12
432,14,5,2017-06-18 03:38:31.164575+00,2017-06-18 03:38:31.1646+00,182,18
433,14,3,2017-06-18 03:38:31.183519+00,2017-06-18 03:38:31.183548+00,170,12
434,14,3,2017-06-18 03:38:31.188013+00,2017-06-18 03:38:31.188036+00,66,6
435,14,5,2017-06-18 03:38:31.192142+00,2017-06-18 03:38:31.192164+00,52,12
436,14,3,2017-06-18 03:38:31.196319+00,2017-06-18 03:38:31.196341+00,176,12
437,14,4,2017-06-18 03:38:31.200439+00,2017-06-18 03:38:31.200463+00,13,12
438,14,4,2017-06-18 03:38:31.204875+00,2017-06-18 03:38:31.204898+00,211,12
439,14,5,2017-06-18 03:38:31.209021+00,2017-06-18 03:38:31.209043+00,3,18
440,14,5,2017-06-18 03:38:31.214254+00,2017-06-18 03:38:31.214277+00,252,12
441,14,4,2017-06-18 03:38:31.218372+00,2017-06-18 03:38:31.2184+00,14,12
442,14,5,2017-06-18 03:38:31.222303+00,2017-06-18 03:38:31.222325+00,32,18
443,14,4,2017-06-18 03:38:31.226409+00,2017-06-18 03:38:31.226432+00,57,12
328,14,1,2017-05-25 23:48:07.426384+00,2017-05-25 23:48:07.426419+00,190,12
444,15,3,2017-06-18 03:47:44.068391+00,2017-06-18 03:47:44.068422+00,28,12
445,15,4,2017-06-18 03:47:44.074648+00,2017-06-18 03:47:44.07467+00,3,12
446,15,5,2017-06-18 03:47:44.080953+00,2017-06-18 03:47:44.080978+00,252,18
447,15,2,2017-06-18 03:47:44.085605+00,2017-06-18 03:47:44.085629+00,203,12
448,15,5,2017-06-18 03:47:44.09043+00,2017-06-18 03:47:44.090452+00,34,12
449,15,2,2017-06-18 03:47:44.105095+00,2017-06-18 03:47:44.105118+00,170,12
450,15,5,2017-06-18 03:47:44.109476+00,2017-06-18 03:47:44.109498+00,52,18
451,15,5,2017-06-18 03:47:44.113707+00,2017-06-18 03:47:44.113741+00,57,12
452,15,5,2017-06-18 03:47:44.130001+00,2017-06-18 03:47:44.130025+00,182,18
453,15,5,2017-06-18 03:47:44.134339+00,2017-06-18 03:47:44.134361+00,240,12
454,15,4,2017-06-18 03:47:44.138701+00,2017-06-18 03:47:44.138724+00,20,12
455,15,5,2017-06-18 03:47:44.142733+00,2017-06-18 03:47:44.142755+00,306,18
456,15,5,2017-06-18 03:47:44.147572+00,2017-06-18 03:47:44.147595+00,14,12
457,15,4,2017-06-18 03:47:44.151689+00,2017-06-18 03:47:44.151712+00,66,12
458,15,5,2017-06-18 03:47:44.155918+00,2017-06-18 03:47:44.155942+00,30,18
459,15,5,2017-06-18 03:47:44.160222+00,2017-06-18 03:47:44.160244+00,2,18
460,17,3,2017-06-18 03:56:11.95093+00,2017-06-18 03:56:11.950963+00,7480,6
462,17,5,2017-06-18 03:56:11.972543+00,2017-06-18 03:56:11.972565+00,954,12
463,17,5,2017-06-18 03:56:11.977258+00,2017-06-18 03:56:11.97728+00,794,12
464,17,5,2017-06-18 03:56:11.981561+00,2017-06-18 03:56:11.981584+00,153,12
466,17,3,2017-06-18 03:56:11.991456+00,2017-06-18 03:56:11.991478+00,45,12
1029,49,5,2018-01-31 08:06:52.061765+00,2018-01-31 08:06:52.061796+00,188,12
470,18,5,2017-06-18 04:02:50.605436+00,2017-06-18 04:02:50.605472+00,172,12
471,18,3,2017-06-18 04:02:50.610092+00,2017-06-18 04:02:50.610114+00,189,12
472,18,5,2017-06-18 04:02:50.614199+00,2017-06-18 04:02:50.614221+00,7480,12
473,18,5,2017-06-18 04:02:50.618779+00,2017-06-18 04:02:50.618801+00,153,12
1030,49,5,2018-01-31 08:06:52.069188+00,2018-01-31 08:06:52.069211+00,7438,12
475,19,5,2017-06-18 04:07:10.287644+00,2017-06-18 04:07:10.287674+00,7784,12
476,19,5,2017-06-18 04:07:10.293244+00,2017-06-18 04:07:10.293267+00,153,12
478,19,5,2017-06-18 04:07:10.302576+00,2017-06-18 04:07:10.302598+00,7480,12
479,19,4,2017-06-18 04:07:10.306943+00,2017-06-18 04:07:10.306965+00,45,12
481,20,3,2017-06-18 04:11:33.989895+00,2017-06-18 04:11:33.989926+00,7518,6
482,20,3,2017-06-18 04:11:33.995582+00,2017-06-18 04:11:33.995604+00,7480,6
484,20,5,2017-06-18 04:11:34.004263+00,2017-06-18 04:11:34.004285+00,45,12
485,20,3,2017-06-18 04:11:34.008486+00,2017-06-18 04:11:34.008511+00,189,6
486,20,4,2017-06-18 04:13:09.707025+00,2017-06-18 04:13:09.707056+00,954,12
477,19,3,2017-06-18 04:07:10.298033+00,2017-06-18 04:07:10.298055+00,954,6
488,17,3,2017-07-05 17:58:41.439546+00,2017-07-05 17:58:41.439578+00,113,6
489,17,4,2017-07-06 21:32:57.782628+00,2017-07-06 21:32:57.782659+00,7377,6
490,17,2,2017-07-06 21:45:17.166469+00,2017-07-06 21:45:17.166501+00,172,6
491,18,5,2017-07-06 21:55:34.926968+00,2017-07-06 21:55:34.927002+00,165,6
492,18,3,2017-07-06 21:55:34.932215+00,2017-07-06 21:55:34.93224+00,45,6
493,18,4,2017-07-06 21:55:34.936614+00,2017-07-06 21:55:34.936638+00,7524,6
487,19,4,2017-07-05 15:33:11.037269+00,2017-07-05 15:33:11.0373+00,113,6
480,19,4,2017-06-18 04:07:10.3115+00,2017-06-18 04:07:10.311523+00,7524,12
483,20,5,2017-06-18 04:11:33.999764+00,2017-06-18 04:11:33.999786+00,971,12
494,17,3,2017-07-06 22:31:38.808157+00,2017-07-06 22:31:38.808189+00,6,6
469,18,4,2017-06-18 04:02:50.599501+00,2017-06-18 04:02:50.599526+00,954,12
495,19,4,2017-07-06 22:56:04.775423+00,2017-07-06 22:56:04.775454+00,6,6
497,20,4,2017-07-06 23:36:16.018475+00,2017-07-06 23:36:16.018547+00,7456,6
498,20,4,2017-07-06 23:36:16.02415+00,2017-07-06 23:36:16.024173+00,188,6
499,17,4,2017-07-13 15:30:55.61515+00,2017-07-13 15:30:55.615193+00,165,6
500,17,5,2017-07-13 15:42:26.69966+00,2017-07-13 15:42:26.699691+00,298,6
461,17,4,2017-06-18 03:56:11.956588+00,2017-06-18 03:56:11.956609+00,7524,12
1017,48,2,2018-01-29 16:57:33.392256+00,2018-01-29 16:57:33.392278+00,127,24
1031,50,2,2018-02-09 09:02:18.767901+00,2018-02-09 09:02:18.767936+00,57,6
504,18,4,2017-08-10 17:43:17.023165+00,2017-08-10 17:43:17.023196+00,348,6
505,22,5,2017-08-12 22:40:32.825517+00,2017-08-12 22:40:32.825548+00,311,6
508,24,3,2017-08-16 22:50:29.22856+00,2017-08-16 22:50:29.228591+00,45,12
509,24,4,2017-08-16 22:50:29.236405+00,2017-08-16 22:50:29.236431+00,165,6
510,24,4,2017-08-16 22:50:29.243444+00,2017-08-16 22:50:29.243467+00,7524,12
511,24,2,2017-08-16 22:50:29.250314+00,2017-08-16 22:50:29.250335+00,172,6
512,24,3,2017-08-16 22:50:29.258854+00,2017-08-16 22:50:29.258877+00,7480,6
513,24,3,2017-08-16 22:50:29.265324+00,2017-08-16 22:50:29.26536+00,113,6
514,24,5,2017-08-16 22:50:29.271689+00,2017-08-16 22:50:29.271712+00,954,12
515,24,5,2017-08-16 22:50:29.278079+00,2017-08-16 22:50:29.278102+00,298,6
516,24,5,2017-08-16 22:50:29.285515+00,2017-08-16 22:50:29.285536+00,794,12
517,24,3,2017-08-16 22:50:29.299908+00,2017-08-16 22:50:29.299928+00,6,6
518,24,5,2017-08-16 22:50:29.30642+00,2017-08-16 22:50:29.306442+00,153,12
519,24,4,2017-08-16 22:50:29.312702+00,2017-08-16 22:50:29.312727+00,7377,6
522,25,4,2017-08-16 23:03:05.262214+00,2017-08-16 23:03:05.262245+00,954,12
523,25,4,2017-08-16 23:03:05.270143+00,2017-08-16 23:03:05.270166+00,7524,6
524,25,4,2017-08-16 23:03:05.276626+00,2017-08-16 23:03:05.276649+00,348,6
525,25,3,2017-08-16 23:03:05.282992+00,2017-08-16 23:03:05.283016+00,189,12
526,25,3,2017-08-16 23:03:05.289534+00,2017-08-16 23:03:05.289559+00,45,6
527,25,5,2017-08-16 23:03:05.296936+00,2017-08-16 23:03:05.296959+00,153,12
528,25,5,2017-08-16 23:03:05.303428+00,2017-08-16 23:03:05.303455+00,7480,12
529,25,5,2017-08-16 23:03:05.309792+00,2017-08-16 23:03:05.309815+00,172,12
530,25,5,2017-08-16 23:03:05.327976+00,2017-08-16 23:03:05.328006+00,165,6
531,26,4,2017-08-16 23:23:20.011135+00,2017-08-16 23:23:20.011165+00,45,12
532,26,4,2017-08-16 23:23:20.025211+00,2017-08-16 23:23:20.025237+00,7524,12
533,26,4,2017-08-16 23:23:20.031773+00,2017-08-16 23:23:20.031796+00,794,12
534,26,5,2017-08-16 23:23:20.046133+00,2017-08-16 23:23:20.046156+00,7784,12
535,26,5,2017-08-16 23:23:20.058294+00,2017-08-16 23:23:20.058321+00,153,12
536,26,4,2017-08-16 23:23:20.065481+00,2017-08-16 23:23:20.065505+00,6,6
537,26,5,2017-08-16 23:23:20.071869+00,2017-08-16 23:23:20.071894+00,7480,12
538,26,4,2017-08-16 23:23:20.078291+00,2017-08-16 23:23:20.078315+00,113,6
539,26,3,2017-08-16 23:23:20.084611+00,2017-08-16 23:23:20.084634+00,954,6
540,26,3,2017-08-16 23:26:05.572034+00,2017-08-16 23:26:05.572064+00,7518,6
541,27,5,2017-08-16 23:39:17.7058+00,2017-08-16 23:39:17.705834+00,971,12
542,27,5,2017-08-16 23:39:18.298051+00,2017-08-16 23:39:18.298085+00,45,12
543,27,4,2017-08-16 23:39:18.806441+00,2017-08-16 23:39:18.806484+00,188,6
544,27,3,2017-08-16 23:39:19.28864+00,2017-08-16 23:39:19.288671+00,7480,6
545,27,4,2017-08-16 23:39:20.312835+00,2017-08-16 23:39:20.312868+00,7456,6
546,27,3,2017-08-16 23:39:21.068595+00,2017-08-16 23:39:21.068626+00,7518,6
547,27,3,2017-08-16 23:39:23.167528+00,2017-08-16 23:39:23.167559+00,189,6
548,27,4,2017-08-16 23:39:24.64385+00,2017-08-16 23:39:24.643883+00,954,12
549,27,5,2017-08-16 23:39:26.125362+00,2017-08-16 23:39:26.125399+00,794,12
550,28,5,2017-08-25 15:27:52.021154+00,2017-08-25 15:27:52.021185+00,172,12
551,28,5,2017-08-25 15:27:52.029073+00,2017-08-25 15:27:52.029096+00,7480,12
552,28,3,2017-08-25 15:27:52.035605+00,2017-08-25 15:27:52.035628+00,45,6
553,28,4,2017-08-25 15:27:52.042346+00,2017-08-25 15:27:52.042369+00,348,6
554,28,3,2017-08-25 15:27:52.048761+00,2017-08-25 15:27:52.048784+00,189,12
555,28,4,2017-08-25 15:27:52.055187+00,2017-08-25 15:27:52.055212+00,7524,6
556,28,4,2017-08-25 15:27:52.061557+00,2017-08-25 15:27:52.061579+00,954,12
557,28,5,2017-08-25 15:27:52.068622+00,2017-08-25 15:27:52.068645+00,153,12
558,28,5,2017-08-25 15:27:52.074731+00,2017-08-25 15:27:52.074754+00,165,6
559,29,3,2017-08-25 15:43:50.887947+00,2017-08-25 15:43:50.887978+00,113,6
560,29,5,2017-08-25 15:43:50.893899+00,2017-08-25 15:43:50.893922+00,298,6
561,29,4,2017-08-25 15:43:50.899125+00,2017-08-25 15:43:50.899146+00,7524,12
562,29,5,2017-08-25 15:43:50.903363+00,2017-08-25 15:43:50.903385+00,153,12
563,29,5,2017-08-25 15:43:50.907687+00,2017-08-25 15:43:50.907713+00,954,12
564,29,3,2017-08-25 15:43:50.913015+00,2017-08-25 15:43:50.913038+00,6,6
565,29,4,2017-08-25 15:43:50.917433+00,2017-08-25 15:43:50.917455+00,165,6
566,29,3,2017-08-25 15:43:50.921813+00,2017-08-25 15:43:50.921836+00,7480,6
567,29,5,2017-08-25 15:43:50.926285+00,2017-08-25 15:43:50.926308+00,794,12
568,29,2,2017-08-25 15:43:50.930944+00,2017-08-25 15:43:50.930966+00,172,6
569,29,3,2017-08-25 15:43:50.935282+00,2017-08-25 15:43:50.935306+00,45,12
570,29,4,2017-08-25 15:43:50.939635+00,2017-08-25 15:43:50.93966+00,7377,6
1032,50,5,2018-02-09 09:02:18.77501+00,2018-02-09 09:02:18.775039+00,6592,12
1033,50,5,2018-02-09 09:02:18.781283+00,2018-02-09 09:02:18.781316+00,7525,12
599,32,4,2017-09-07 19:10:35.93067+00,2017-09-07 19:10:35.935555+00,114,12
600,32,1,2017-09-07 19:10:35.943275+00,2017-09-07 19:10:35.94761+00,405,0
601,32,4,2017-09-07 19:10:35.9556+00,2017-09-07 19:10:35.959809+00,70,18
602,32,4,2017-09-07 19:10:35.967291+00,2017-09-07 19:10:35.971752+00,288,18
603,32,1,2017-09-07 19:10:35.97924+00,2017-09-07 19:10:35.983789+00,203,6
604,32,2,2017-09-07 19:10:35.991566+00,2017-09-07 19:10:35.996179+00,243,6
605,32,3,2017-09-07 19:10:36.003959+00,2017-09-07 19:10:36.017025+00,31,12
606,32,1,2017-09-07 19:10:36.025359+00,2017-09-07 19:10:36.033794+00,491,6
607,32,1,2017-09-07 19:10:36.041501+00,2017-09-07 19:10:36.045523+00,323,6
608,32,5,2017-09-07 19:10:36.053285+00,2017-09-07 19:10:36.057532+00,190,12
609,32,2,2017-09-07 19:10:36.065256+00,2017-09-07 19:10:36.069373+00,106,12
610,32,2,2017-09-07 19:10:36.077354+00,2017-09-07 19:10:36.081602+00,252,12
611,32,2,2017-09-07 19:10:36.089237+00,2017-09-07 19:10:36.093439+00,20,12
612,32,3,2017-09-07 19:10:36.101024+00,2017-09-07 19:10:36.105529+00,1286,12
613,32,5,2017-09-07 19:10:36.113374+00,2017-09-07 19:10:36.130959+00,178,12
614,32,5,2017-09-07 19:10:36.13904+00,2017-09-07 19:10:36.143318+00,32,18
615,32,4,2017-09-07 19:10:36.151092+00,2017-09-07 19:10:36.155636+00,13,18
616,32,5,2017-09-07 19:10:36.163355+00,2017-09-07 19:10:36.167715+00,235,12
617,32,3,2017-09-07 19:10:36.175646+00,2017-09-07 19:10:36.179763+00,211,12
618,32,4,2017-09-07 19:10:36.187305+00,2017-09-07 19:10:36.191791+00,228,12
619,32,1,2017-09-07 19:10:36.199622+00,2017-09-07 19:10:36.203863+00,12,6
620,32,4,2017-09-07 19:10:36.211335+00,2017-09-07 19:10:36.215638+00,79,18
621,32,5,2017-09-07 19:10:36.227586+00,2017-09-07 19:10:36.248516+00,225,12
622,32,2,2017-09-07 19:10:36.256571+00,2017-09-07 19:10:36.260762+00,513,6
623,32,3,2017-09-07 19:10:36.268257+00,2017-09-07 19:10:36.272645+00,173,6
624,32,3,2017-09-07 19:10:36.280376+00,2017-09-07 19:10:36.284599+00,744,12
625,32,2,2017-09-07 19:10:36.292423+00,2017-09-07 19:10:36.296669+00,52,12
626,32,5,2017-09-07 19:10:36.304359+00,2017-09-07 19:10:36.308512+00,3,12
629,30,4,2017-09-08 16:42:44.002336+00,2017-09-08 16:42:44.002368+00,6,6
630,30,5,2017-09-08 16:42:44.008336+00,2017-09-08 16:42:44.00836+00,7784,12
631,30,3,2017-09-08 16:42:44.012787+00,2017-09-08 16:42:44.01281+00,954,6
632,30,4,2017-09-08 16:42:44.017279+00,2017-09-08 16:42:44.017301+00,794,12
633,30,5,2017-09-08 16:42:44.035753+00,2017-09-08 16:42:44.035777+00,7480,12
634,30,4,2017-09-08 16:42:44.040259+00,2017-09-08 16:42:44.040282+00,7524,12
635,30,4,2017-09-08 16:42:44.048261+00,2017-09-08 16:42:44.048284+00,45,12
636,30,4,2017-09-08 16:42:44.052793+00,2017-09-08 16:42:44.052816+00,113,6
637,30,5,2017-09-08 16:42:44.057283+00,2017-09-08 16:42:44.057304+00,153,12
638,31,3,2017-09-08 18:38:36.149787+00,2017-09-08 18:38:36.149821+00,189,6
639,31,5,2017-09-08 18:38:36.156297+00,2017-09-08 18:38:36.156324+00,45,12
640,31,5,2017-09-08 18:38:36.16054+00,2017-09-08 18:38:36.160564+00,971,12
641,31,3,2017-09-08 18:38:36.164906+00,2017-09-08 18:38:36.164932+00,7518,6
642,31,4,2017-09-08 18:38:36.169331+00,2017-09-08 18:38:36.169355+00,188,6
643,31,4,2017-09-08 18:38:36.173688+00,2017-09-08 18:38:36.173714+00,954,12
644,31,3,2017-09-08 18:38:36.177642+00,2017-09-08 18:38:36.177667+00,7480,6
645,31,5,2017-09-08 18:38:36.181776+00,2017-09-08 18:38:36.1818+00,794,12
646,31,4,2017-09-08 18:38:36.185865+00,2017-09-08 18:38:36.185889+00,7456,6
647,33,5,2017-09-13 01:54:35.425244+00,2017-09-13 01:54:35.425273+00,3,12
648,33,1,2017-09-13 01:54:35.425325+00,2017-09-13 01:54:35.425338+00,203,6
649,33,5,2017-09-13 01:54:35.42539+00,2017-09-13 01:54:35.425403+00,32,18
650,33,3,2017-09-13 01:54:35.425439+00,2017-09-13 01:54:35.425451+00,31,12
651,33,4,2017-09-13 01:54:35.425488+00,2017-09-13 01:54:35.425501+00,288,18
652,33,2,2017-09-13 01:54:35.425537+00,2017-09-13 01:54:35.42555+00,20,12
653,33,4,2017-09-13 01:54:35.425586+00,2017-09-13 01:54:35.425599+00,13,18
654,33,2,2017-09-13 01:54:35.425635+00,2017-09-13 01:54:35.42566+00,252,12
655,33,2,2017-09-13 01:54:35.425707+00,2017-09-13 01:54:35.42572+00,243,6
656,33,4,2017-09-13 01:54:35.425755+00,2017-09-13 01:54:35.425768+00,114,12
657,33,3,2017-09-13 01:54:35.425804+00,2017-09-13 01:54:35.425817+00,211,12
658,33,1,2017-09-13 01:54:35.425852+00,2017-09-13 01:54:35.425865+00,12,6
659,33,5,2017-09-13 01:54:35.4259+00,2017-09-13 01:54:35.425913+00,178,12
660,33,1,2017-09-13 01:54:35.425949+00,2017-09-13 01:54:35.425961+00,323,6
661,33,4,2017-09-13 01:54:35.425997+00,2017-09-13 01:54:35.42601+00,70,18
662,33,4,2017-09-13 01:54:35.426045+00,2017-09-13 01:54:35.426058+00,228,12
663,33,5,2017-09-13 01:54:35.426093+00,2017-09-13 01:54:35.426106+00,225,12
664,33,1,2017-09-13 01:54:35.426141+00,2017-09-13 01:54:35.426154+00,491,6
665,33,2,2017-09-13 01:54:35.42619+00,2017-09-13 01:54:35.426203+00,106,12
666,33,4,2017-09-13 01:54:35.426238+00,2017-09-13 01:54:35.426251+00,79,18
667,33,1,2017-09-13 01:54:35.426287+00,2017-09-13 01:54:35.426299+00,405,0
668,33,3,2017-09-13 01:54:35.426346+00,2017-09-13 01:54:35.426358+00,173,6
669,33,3,2017-09-13 01:54:35.426393+00,2017-09-13 01:54:35.426405+00,1286,12
670,33,3,2017-09-13 01:54:35.426452+00,2017-09-13 01:54:35.426465+00,744,12
671,33,5,2017-09-13 01:54:35.426501+00,2017-09-13 01:54:35.426513+00,235,12
672,33,5,2017-09-13 01:54:35.426549+00,2017-09-13 01:54:35.426562+00,190,12
673,33,2,2017-09-13 01:54:35.426597+00,2017-09-13 01:54:35.426609+00,52,12
674,33,2,2017-09-13 01:54:35.426645+00,2017-09-13 01:54:35.426657+00,513,6
675,34,5,2017-09-19 22:03:35.47388+00,2017-09-19 22:03:35.47391+00,3,12
676,34,5,2017-09-19 22:03:35.479517+00,2017-09-19 22:03:35.479539+00,32,12
677,35,5,2017-09-19 22:29:31.383513+00,2017-09-19 22:29:31.383545+00,7377,12
680,34,5,2017-09-23 22:01:55.338634+00,2017-09-23 22:01:55.338666+00,7537,12
681,34,5,2017-09-23 22:01:55.347954+00,2017-09-23 22:01:55.347979+00,7825,6
682,34,4,2017-09-23 22:01:55.352445+00,2017-09-23 22:01:55.352468+00,7384,12
683,34,4,2017-09-23 22:01:55.357465+00,2017-09-23 22:01:55.357488+00,3184,12
684,34,4,2017-09-23 22:01:55.361729+00,2017-09-23 22:01:55.361756+00,211,6
685,34,5,2017-09-23 22:01:55.367183+00,2017-09-23 22:01:55.367207+00,7379,12
686,34,3,2017-09-23 22:01:55.371509+00,2017-09-23 22:01:55.371533+00,7378,12
687,34,3,2017-09-23 22:01:55.375692+00,2017-09-23 22:01:55.375715+00,7443,12
688,34,2,2017-09-23 22:01:55.380213+00,2017-09-23 22:01:55.380236+00,156,6
689,34,4,2017-09-23 22:01:55.384548+00,2017-09-23 22:01:55.38457+00,7423,12
690,34,3,2017-09-23 22:01:55.388988+00,2017-09-23 22:01:55.389011+00,7419,6
691,34,3,2017-09-23 22:01:55.393223+00,2017-09-23 22:01:55.393246+00,7420,12
692,34,5,2017-09-23 22:01:55.397367+00,2017-09-23 22:01:55.39739+00,858,12
693,34,5,2017-09-23 22:01:55.401594+00,2017-09-23 22:01:55.401619+00,7428,12
694,34,3,2017-09-23 22:01:55.405611+00,2017-09-23 22:01:55.405634+00,402,6
695,34,4,2017-09-23 22:01:55.409608+00,2017-09-23 22:01:55.409631+00,7525,12
696,34,4,2017-09-23 22:01:55.413607+00,2017-09-23 22:01:55.413631+00,304,12
697,34,3,2017-09-23 22:01:55.417465+00,2017-09-23 22:01:55.417488+00,127,12
698,34,5,2017-09-23 22:01:55.435781+00,2017-09-23 22:01:55.435829+00,7,12
699,34,5,2017-09-23 22:01:55.440339+00,2017-09-23 22:01:55.440362+00,7536,12
700,34,2,2017-09-23 22:01:55.444747+00,2017-09-23 22:01:55.44477+00,57,6
701,35,3,2017-09-23 22:40:34.079803+00,2017-09-23 22:40:34.07985+00,140,6
702,35,5,2017-09-23 22:40:34.085945+00,2017-09-23 22:40:34.085967+00,7529,12
703,35,2,2017-09-23 22:40:34.090349+00,2017-09-23 22:40:34.090371+00,172,6
704,35,3,2017-09-23 22:40:34.094618+00,2017-09-23 22:40:34.094652+00,93,6
705,35,2,2017-09-23 22:40:34.103516+00,2017-09-23 22:40:34.10355+00,284,6
706,35,3,2017-09-23 22:40:34.10837+00,2017-09-23 22:40:34.108396+00,532,6
707,35,3,2017-09-23 22:40:34.112833+00,2017-09-23 22:40:34.112855+00,7429,6
708,35,2,2017-09-23 22:40:34.13111+00,2017-09-23 22:40:34.131133+00,1219,6
709,35,5,2017-09-23 22:40:34.135471+00,2017-09-23 22:40:34.135497+00,7413,12
710,35,2,2017-09-23 22:40:34.139589+00,2017-09-23 22:40:34.139611+00,45,6
711,35,3,2017-09-23 22:40:34.143725+00,2017-09-23 22:40:34.143749+00,55,6
712,35,3,2017-09-23 22:40:34.147905+00,2017-09-23 22:40:34.147927+00,179,6
713,35,5,2017-09-23 22:40:34.152099+00,2017-09-23 22:40:34.152122+00,186,12
714,36,3,2017-09-23 23:07:41.55328+00,2017-09-23 23:07:41.553311+00,7443,12
716,36,4,2017-09-23 23:07:41.562921+00,2017-09-23 23:07:41.562944+00,7461,12
736,37,4,2017-09-23 23:42:23.548358+00,2017-09-23 23:42:23.548389+00,7413,12
737,37,4,2017-09-23 23:42:23.556272+00,2017-09-23 23:42:23.556304+00,7420,12
738,37,1,2017-09-23 23:42:23.562596+00,2017-09-23 23:42:23.562619+00,85,6
739,37,5,2017-09-23 23:42:23.569044+00,2017-09-23 23:42:23.569065+00,7539,12
740,37,3,2017-09-23 23:42:23.575185+00,2017-09-23 23:42:23.575207+00,114,12
741,37,4,2017-09-23 23:42:23.581526+00,2017-09-23 23:42:23.581548+00,156,12
742,37,5,2017-09-23 23:42:23.587939+00,2017-09-23 23:42:23.587964+00,6633,12
743,37,1,2017-09-23 23:42:23.607884+00,2017-09-23 23:42:23.607908+00,211,12
744,37,1,2017-09-23 23:42:23.614146+00,2017-09-23 23:42:23.614168+00,7529,12
745,37,3,2017-09-23 23:42:23.623724+00,2017-09-23 23:42:23.623747+00,166,12
746,37,4,2017-09-23 23:42:23.629972+00,2017-09-23 23:42:23.629993+00,66,12
679,37,3,2017-09-19 22:41:35.894984+00,2017-09-19 22:41:35.895016+00,4056,12
747,38,3,2017-09-25 18:50:44.597789+00,2017-09-25 18:50:44.59782+00,7413,12
748,38,5,2017-09-25 18:50:44.617352+00,2017-09-25 18:50:44.617375+00,7420,12
749,39,5,2017-10-03 22:37:09.085734+00,2017-10-03 22:37:09.085766+00,7377,12
750,40,5,2017-10-03 23:45:34.837353+00,2017-10-03 23:45:34.837384+00,52,18
751,40,2,2017-10-03 23:45:34.837435+00,2017-10-03 23:45:34.83746+00,323,12
752,40,1,2017-10-03 23:45:34.837494+00,2017-10-03 23:45:34.837506+00,116,6
753,40,1,2017-10-03 23:45:34.837539+00,2017-10-03 23:45:34.83755+00,31,12
754,40,3,2017-10-03 23:45:34.837583+00,2017-10-03 23:45:34.837594+00,32,12
755,40,2,2017-10-03 23:45:34.837627+00,2017-10-03 23:45:34.837639+00,170,12
756,40,3,2017-10-03 23:45:34.837672+00,2017-10-03 23:45:34.837683+00,174,6
757,40,1,2017-10-03 23:45:34.837715+00,2017-10-03 23:45:34.837726+00,195,18
758,40,1,2017-10-03 23:45:34.837759+00,2017-10-03 23:45:34.83777+00,13,12
759,40,5,2017-10-03 23:45:34.837802+00,2017-10-03 23:45:34.837813+00,20,12
720,36,2,2017-09-23 23:07:41.581421+00,2017-09-23 23:07:41.581444+00,3184,12
727,36,2,2017-09-23 23:07:41.610941+00,2017-09-23 23:07:41.610965+00,3,12
721,36,2,2017-09-23 23:07:41.585564+00,2017-09-23 23:07:41.585587+00,7525,12
731,36,1,2017-09-23 23:07:41.62831+00,2017-09-23 23:07:41.628333+00,7420,12
733,36,2,2017-09-23 23:07:41.636895+00,2017-09-23 23:07:41.636917+00,7711,12
760,40,1,2017-10-03 23:45:34.837845+00,2017-10-03 23:45:34.837856+00,79,12
761,40,1,2017-10-03 23:45:34.837888+00,2017-10-03 23:45:34.837899+00,34,6
762,40,3,2017-10-03 23:45:34.837931+00,2017-10-03 23:45:34.837942+00,66,6
763,40,3,2017-10-03 23:45:34.837987+00,2017-10-03 23:45:34.837998+00,3,6
764,40,5,2017-10-03 23:45:34.838036+00,2017-10-03 23:45:34.838048+00,12,12
765,40,3,2017-10-03 23:45:34.838081+00,2017-10-03 23:45:34.838093+00,114,12
766,40,1,2017-10-03 23:45:34.838126+00,2017-10-03 23:45:34.838138+00,70,12
767,40,1,2017-10-03 23:45:34.838171+00,2017-10-03 23:45:34.838183+00,127,12
768,40,5,2017-10-03 23:45:34.838216+00,2017-10-03 23:45:34.838227+00,252,18
769,40,3,2017-10-03 23:45:34.838261+00,2017-10-03 23:45:34.838272+00,106,12
770,40,2,2017-10-03 23:45:34.838306+00,2017-10-03 23:45:34.838317+00,203,12
771,40,2,2017-10-03 23:45:34.83835+00,2017-10-03 23:45:34.838361+00,225,6
772,40,2,2017-10-03 23:45:34.838394+00,2017-10-03 23:45:34.838406+00,6642,6
773,40,2,2017-10-03 23:45:34.838439+00,2017-10-03 23:45:34.838451+00,190,12
774,40,3,2017-10-03 23:45:34.838495+00,2017-10-03 23:45:34.838506+00,756,12
775,40,2,2017-10-03 23:45:34.838539+00,2017-10-03 23:45:34.83855+00,235,12
776,12,0,2017-10-04 20:25:41.56892+00,2017-10-04 20:25:41.568951+00,6840,0
777,21,1,2017-10-07 23:22:08.097376+00,2017-10-07 23:22:08.097408+00,481,6
778,21,3,2017-10-07 23:22:08.108064+00,2017-10-07 23:22:08.108087+00,209,6
779,21,4,2017-10-07 23:22:08.112424+00,2017-10-07 23:22:08.112446+00,48,12
780,21,1,2017-10-07 23:22:08.116696+00,2017-10-07 23:22:08.116718+00,283,6
781,21,3,2017-10-07 23:22:08.12106+00,2017-10-07 23:22:08.121084+00,106,12
782,21,5,2017-10-07 23:22:08.135608+00,2017-10-07 23:22:08.135639+00,137,12
783,21,4,2017-10-07 23:22:08.140084+00,2017-10-07 23:22:08.140108+00,201,12
784,21,4,2017-10-07 23:22:08.144119+00,2017-10-07 23:22:08.144142+00,170,12
786,21,2,2017-10-07 23:22:08.151973+00,2017-10-07 23:22:08.151995+00,113,6
787,21,3,2017-10-07 23:22:08.156118+00,2017-10-07 23:22:08.156141+00,36,18
788,21,3,2017-10-07 23:22:08.160249+00,2017-10-07 23:22:08.160274+00,402,6
789,21,2,2017-10-07 23:22:08.164624+00,2017-10-07 23:22:08.164654+00,172,6
507,21,4,2017-08-16 19:13:56.570607+00,2017-08-16 19:13:56.570631+00,203,12
506,21,2,2017-08-16 19:13:56.554876+00,2017-08-16 19:13:56.554906+00,7377,12
847,42,4,2017-10-27 02:44:09.622812+00,2017-10-27 02:44:09.622844+00,7381,12
785,21,2,2017-10-07 23:22:08.148088+00,2017-10-07 23:22:08.148111+00,57,6
790,22,2,2017-10-08 00:13:00.9224+00,2017-10-08 00:13:00.922432+00,3,12
791,22,2,2017-10-08 00:13:00.930268+00,2017-10-08 00:13:00.930291+00,201,6
792,22,1,2017-10-08 00:13:00.934581+00,2017-10-08 00:13:00.934603+00,283,18
793,22,2,2017-10-08 00:13:00.939434+00,2017-10-08 00:13:00.939456+00,176,12
794,22,2,2017-10-08 00:13:00.943717+00,2017-10-08 00:13:00.943739+00,7413,18
795,22,2,2017-10-08 00:13:00.948008+00,2017-10-08 00:13:00.94803+00,331,6
796,22,3,2017-10-08 00:13:00.952297+00,2017-10-08 00:13:00.952319+00,291,12
797,22,3,2017-10-08 00:13:00.958291+00,2017-10-08 00:13:00.958312+00,7419,12
798,22,3,2017-10-08 00:13:00.96345+00,2017-10-08 00:13:00.963473+00,60,12
799,22,2,2017-10-08 00:13:00.968789+00,2017-10-08 00:13:00.968811+00,7378,18
800,22,2,2017-10-08 00:13:00.97298+00,2017-10-08 00:13:00.973002+00,32,12
801,22,4,2017-10-08 00:13:00.977229+00,2017-10-08 00:13:00.977252+00,209,12
802,22,4,2017-10-08 00:13:00.991709+00,2017-10-08 00:13:00.991736+00,7420,12
803,22,5,2017-10-08 00:13:00.996067+00,2017-10-08 00:13:00.996092+00,7474,18
804,22,1,2017-10-08 00:13:01.000358+00,2017-10-08 00:13:01.000382+00,7,6
805,22,4,2017-10-08 00:13:01.004398+00,2017-10-08 00:13:01.00442+00,114,12
806,22,2,2017-10-08 00:13:01.00857+00,2017-10-08 00:13:01.008592+00,105,12
807,22,4,2017-10-08 00:13:01.013181+00,2017-10-08 00:13:01.013204+00,156,12
808,22,2,2017-10-08 00:13:01.018326+00,2017-10-08 00:13:01.018351+00,14,6
809,22,3,2017-10-08 00:13:01.022829+00,2017-10-08 00:13:01.022852+00,304,6
810,22,1,2017-10-08 00:13:01.027071+00,2017-10-08 00:13:01.027094+00,7424,6
811,22,5,2017-10-08 00:13:01.032537+00,2017-10-08 00:13:01.032559+00,7483,18
503,22,4,2017-07-31 15:38:53.986391+00,2017-07-31 15:38:53.986422+00,7377,12
502,22,4,2017-07-28 16:58:21.811865+00,2017-07-28 16:58:21.811896+00,7377,12
501,22,4,2017-07-28 16:58:15.81472+00,2017-07-28 16:58:15.814753+00,7377,12
812,23,3,2017-10-08 00:42:02.014074+00,2017-10-08 00:42:02.01411+00,48,6
813,23,4,2017-10-08 00:42:02.019889+00,2017-10-08 00:42:02.019915+00,137,6
814,23,4,2017-10-08 00:42:02.024309+00,2017-10-08 00:42:02.024334+00,201,12
815,23,4,2017-10-08 00:42:02.033852+00,2017-10-08 00:42:02.033877+00,7420,12
816,23,2,2017-10-08 00:42:02.038381+00,2017-10-08 00:42:02.038405+00,57,6
817,23,2,2017-10-08 00:42:02.04286+00,2017-10-08 00:42:02.042885+00,283,18
818,23,3,2017-10-08 00:42:02.047105+00,2017-10-08 00:42:02.047128+00,113,12
819,23,1,2017-10-08 00:42:02.051646+00,2017-10-08 00:42:02.051668+00,172,6
820,23,4,2017-10-08 00:42:02.063401+00,2017-10-08 00:42:02.063425+00,209,12
821,23,3,2017-10-08 00:42:02.067614+00,2017-10-08 00:42:02.067636+00,156,12
628,23,2,2017-09-08 16:32:37.30753+00,2017-09-08 16:32:37.307553+00,7377,12
822,41,5,2017-10-19 21:09:23.385451+00,2017-10-19 21:09:23.385483+00,306,24
823,42,5,2017-10-19 21:12:53.67375+00,2017-10-19 21:12:53.673783+00,306,24
824,41,3,2017-10-27 01:25:55.055668+00,2017-10-27 01:25:55.055698+00,156,12
825,41,1,2017-10-27 01:25:55.064933+00,2017-10-27 01:25:55.064955+00,172,6
826,41,3,2017-10-27 01:25:55.070052+00,2017-10-27 01:25:55.070077+00,12,12
827,41,5,2017-10-27 01:25:55.076145+00,2017-10-27 01:25:55.076167+00,7474,18
828,41,3,2017-10-27 01:25:55.081432+00,2017-10-27 01:25:55.081456+00,7906,12
829,41,1,2017-10-27 01:25:55.08672+00,2017-10-27 01:25:55.086742+00,7378,18
830,41,2,2017-10-27 01:25:55.091943+00,2017-10-27 01:25:55.091966+00,114,12
831,41,1,2017-10-27 01:25:55.097125+00,2017-10-27 01:25:55.097147+00,7424,12
832,41,5,2017-10-27 01:25:55.102141+00,2017-10-27 01:25:55.102163+00,7483,18
833,41,3,2017-10-27 01:25:55.106857+00,2017-10-27 01:25:55.106877+00,7529,6
834,41,5,2017-10-27 01:25:55.111951+00,2017-10-27 01:25:55.111973+00,7651,12
835,41,4,2017-10-27 01:25:55.116906+00,2017-10-27 01:25:55.116928+00,6638,12
836,41,5,2017-10-27 01:25:55.123876+00,2017-10-27 01:25:55.123899+00,7421,12
837,41,4,2017-10-27 01:25:55.129363+00,2017-10-27 01:25:55.129399+00,7381,12
838,41,3,2017-10-27 01:25:55.134147+00,2017-10-27 01:25:55.13417+00,7507,12
839,41,5,2017-10-27 01:25:55.138933+00,2017-10-27 01:25:55.138958+00,7681,12
840,41,4,2017-10-27 01:25:55.144296+00,2017-10-27 01:25:55.144319+00,60,12
841,41,4,2017-10-27 01:25:55.149194+00,2017-10-27 01:25:55.149217+00,7907,12
842,41,3,2017-10-27 01:25:55.154128+00,2017-10-27 01:25:55.154151+00,586,12
843,41,4,2017-10-27 01:25:55.159075+00,2017-10-27 01:25:55.159097+00,7420,12
844,41,1,2017-10-27 01:25:55.163922+00,2017-10-27 01:25:55.163947+00,7377,6
845,41,2,2017-10-27 01:25:55.168879+00,2017-10-27 01:25:55.168901+00,57,12
846,41,5,2017-10-27 01:25:55.173962+00,2017-10-27 01:25:55.173987+00,7532,12
848,42,3,2017-10-27 02:44:09.629131+00,2017-10-27 02:44:09.629162+00,7529,6
849,42,5,2017-10-27 02:44:09.633604+00,2017-10-27 02:44:09.633629+00,7483,18
850,42,1,2017-10-27 02:44:09.63768+00,2017-10-27 02:44:09.637704+00,172,6
851,42,5,2017-10-27 02:44:09.642121+00,2017-10-27 02:44:09.642144+00,7421,12
852,42,3,2017-10-27 02:44:09.64702+00,2017-10-27 02:44:09.647043+00,7906,12
853,42,5,2017-10-27 02:44:09.65165+00,2017-10-27 02:44:09.651671+00,7681,12
854,42,4,2017-10-27 02:44:09.6558+00,2017-10-27 02:44:09.655821+00,6638,12
855,42,5,2017-10-27 02:44:09.660073+00,2017-10-27 02:44:09.660096+00,7474,18
856,42,4,2017-10-27 02:44:09.664141+00,2017-10-27 02:44:09.664164+00,7532,12
857,42,1,2017-10-27 02:44:09.667972+00,2017-10-27 02:44:09.667997+00,7378,18
858,42,3,2017-10-27 02:44:09.671878+00,2017-10-27 02:44:09.671901+00,12,12
859,42,2,2017-10-27 02:44:09.675916+00,2017-10-27 02:44:09.675939+00,57,12
860,42,1,2017-10-27 02:44:09.679722+00,2017-10-27 02:44:09.67975+00,7377,6
861,42,3,2017-10-27 02:44:09.683648+00,2017-10-27 02:44:09.683673+00,7642,12
862,42,5,2017-10-27 02:44:09.687813+00,2017-10-27 02:44:09.687838+00,7651,12
863,42,4,2017-10-27 02:44:09.691984+00,2017-10-27 02:44:09.692007+00,7420,12
864,42,1,2017-10-27 02:44:09.696137+00,2017-10-27 02:44:09.696159+00,7424,12
865,42,2,2017-10-27 02:44:09.700211+00,2017-10-27 02:44:09.700233+00,7895,12
866,42,3,2017-10-27 02:44:09.704048+00,2017-10-27 02:44:09.70407+00,7507,12
867,42,3,2017-10-27 02:44:09.708444+00,2017-10-27 02:44:09.708466+00,8390,12
868,42,2,2017-10-27 02:44:09.712372+00,2017-10-27 02:44:09.712395+00,7545,6
869,42,3,2017-10-27 02:44:09.716345+00,2017-10-27 02:44:09.716367+00,586,12
870,42,4,2017-10-27 02:44:09.720352+00,2017-10-27 02:44:09.720374+00,60,12
871,43,5,2017-11-16 17:42:39.504884+00,2017-11-16 17:42:39.504915+00,3,12
872,43,5,2017-11-16 17:42:39.504965+00,2017-11-16 17:42:39.504978+00,32,12
873,43,5,2017-11-16 17:42:39.505012+00,2017-11-16 17:42:39.505024+00,7537,12
874,43,5,2017-11-16 17:42:39.505057+00,2017-11-16 17:42:39.505069+00,7825,6
875,43,4,2017-11-16 17:42:39.505102+00,2017-11-16 17:42:39.505114+00,7384,12
876,43,4,2017-11-16 17:42:39.505151+00,2017-11-16 17:42:39.505164+00,3184,12
877,43,4,2017-11-16 17:42:39.505198+00,2017-11-16 17:42:39.505209+00,211,6
878,43,5,2017-11-16 17:42:39.505242+00,2017-11-16 17:42:39.505254+00,7379,12
879,43,3,2017-11-16 17:42:39.505288+00,2017-11-16 17:42:39.505299+00,7378,12
880,43,3,2017-11-16 17:42:39.505334+00,2017-11-16 17:42:39.505345+00,7443,12
881,43,2,2017-11-16 17:42:39.505379+00,2017-11-16 17:42:39.505406+00,156,6
882,43,4,2017-11-16 17:42:39.505444+00,2017-11-16 17:42:39.505456+00,7423,12
883,43,3,2017-11-16 17:42:39.505489+00,2017-11-16 17:42:39.5055+00,7419,6
884,43,3,2017-11-16 17:42:39.505533+00,2017-11-16 17:42:39.505545+00,7420,12
885,43,5,2017-11-16 17:42:39.505578+00,2017-11-16 17:42:39.50559+00,858,12
886,43,5,2017-11-16 17:42:39.505623+00,2017-11-16 17:42:39.505635+00,7428,12
887,43,3,2017-11-16 17:42:39.505668+00,2017-11-16 17:42:39.505679+00,402,6
888,43,4,2017-11-16 17:42:39.505712+00,2017-11-16 17:42:39.505724+00,7525,12
889,43,4,2017-11-16 17:42:39.505757+00,2017-11-16 17:42:39.505769+00,304,12
890,43,3,2017-11-16 17:42:39.505802+00,2017-11-16 17:42:39.505813+00,127,12
891,43,5,2017-11-16 17:42:39.505846+00,2017-11-16 17:42:39.505858+00,7,12
892,43,5,2017-11-16 17:42:39.505891+00,2017-11-16 17:42:39.505903+00,7536,12
893,43,2,2017-11-16 17:42:39.505936+00,2017-11-16 17:42:39.505948+00,57,6
894,44,5,2017-11-29 19:45:27.189817+00,2017-11-29 19:45:27.189848+00,7532,12
895,45,5,2017-12-09 19:05:10.266209+00,2017-12-09 19:05:10.266239+00,105,24
896,10,3,2017-12-12 17:14:05.292103+00,2017-12-12 17:14:05.292136+00,127,12
897,10,4,2017-12-12 17:14:05.297898+00,2017-12-12 17:14:05.297921+00,785,12
898,10,5,2017-12-12 17:14:05.302634+00,2017-12-12 17:14:05.302657+00,7379,18
899,10,2,2017-12-12 17:14:05.308166+00,2017-12-12 17:14:05.308191+00,7381,12
900,10,3,2017-12-12 17:14:05.312853+00,2017-12-12 17:14:05.312876+00,7734,12
901,10,3,2017-12-12 17:14:05.317566+00,2017-12-12 17:14:05.317589+00,7385,12
902,10,3,2017-12-12 17:14:05.322236+00,2017-12-12 17:14:05.322261+00,7384,12
903,10,3,2017-12-12 17:14:05.327059+00,2017-12-12 17:14:05.327083+00,7671,12
904,10,2,2017-12-12 17:14:05.331944+00,2017-12-12 17:14:05.331971+00,7375,6
1034,51,4,2018-02-09 18:48:49.350653+00,2018-02-09 18:48:49.350689+00,7384,12
906,10,3,2017-12-12 17:51:15.822239+00,2017-12-12 17:51:15.822272+00,7423,12
907,10,4,2017-12-12 17:51:15.827757+00,2017-12-12 17:51:15.82778+00,7383,12
908,10,3,2017-12-12 17:51:15.83146+00,2017-12-12 17:51:15.831483+00,176,12
909,10,2,2017-12-12 17:51:15.836074+00,2017-12-12 17:51:15.836097+00,7420,12
910,10,1,2017-12-12 17:51:15.839753+00,2017-12-12 17:51:15.839776+00,57,6
911,10,2,2017-12-12 17:51:15.844231+00,2017-12-12 17:51:15.844253+00,7,6
1036,51,5,2018-02-09 18:48:49.361892+00,2018-02-09 18:48:49.36192+00,3,18
1037,51,5,2018-02-09 18:48:49.366013+00,2018-02-09 18:48:49.366038+00,32,18
1038,51,4,2018-02-09 18:48:49.369951+00,2018-02-09 18:48:49.369976+00,7423,12
1013,48,3,2018-01-29 16:57:33.374894+00,2018-01-29 16:57:33.374917+00,7420,12
1039,50,3,2018-02-20 20:08:11.814531+00,2018-02-20 20:08:11.814565+00,3,12
1040,50,4,2018-02-20 20:08:11.825074+00,2018-02-20 20:08:11.825098+00,7496,12
1041,50,5,2018-02-20 20:08:11.830069+00,2018-02-20 20:08:11.830094+00,7460,12
1042,50,2,2018-02-20 20:08:11.835006+00,2018-02-20 20:08:11.835041+00,211,6
1043,50,2,2018-02-20 20:08:11.840298+00,2018-02-20 20:08:11.840322+00,7384,12
1044,50,4,2018-02-20 20:08:11.844984+00,2018-02-20 20:08:11.845008+00,114,12
1045,50,3,2018-02-20 20:08:11.849976+00,2018-02-20 20:08:11.85+00,492,12
1046,50,3,2018-02-20 20:08:11.855345+00,2018-02-20 20:08:11.855368+00,66,6
1047,50,2,2018-02-20 20:08:11.860177+00,2018-02-20 20:08:11.860202+00,402,6
1048,50,2,2018-02-20 20:08:11.865235+00,2018-02-20 20:08:11.865258+00,404,6
1049,50,1,2018-02-20 20:08:11.870041+00,2018-02-20 20:08:11.870063+00,7378,12
1050,50,5,2018-02-20 20:08:11.874902+00,2018-02-20 20:08:11.874926+00,304,12
1051,50,4,2018-02-20 20:08:11.879822+00,2018-02-20 20:08:11.879847+00,7425,6
1052,50,5,2018-02-20 20:08:11.884472+00,2018-02-20 20:08:11.884497+00,178,12
1053,50,3,2018-02-20 20:08:11.889285+00,2018-02-20 20:08:11.88931+00,166,12
912,36,3,2017-12-21 15:44:19.596512+00,2017-12-21 15:44:19.596543+00,6592,12
953,46,1,2018-01-09 13:35:38.125839+00,2018-01-09 13:35:38.130933+00,57,6
954,46,5,2018-01-09 13:35:38.138546+00,2018-01-09 13:35:38.143136+00,7379,18
955,46,4,2018-01-09 13:35:38.150735+00,2018-01-09 13:35:38.155001+00,7383,12
956,46,2,2018-01-09 13:35:38.162586+00,2018-01-09 13:35:38.166645+00,7,6
957,46,3,2018-01-09 13:35:38.174234+00,2018-01-09 13:35:38.178293+00,7384,12
958,46,3,2018-01-09 13:35:38.186006+00,2018-01-09 13:35:38.191282+00,127,12
959,46,2,2018-01-09 13:35:38.198933+00,2018-01-09 13:35:38.20306+00,114,12
960,46,2,2018-01-09 13:35:38.210835+00,2018-01-09 13:35:38.215068+00,7381,12
961,46,3,2018-01-09 13:35:38.222924+00,2018-01-09 13:35:38.227015+00,7671,12
962,46,2,2018-01-09 13:35:38.234688+00,2018-01-09 13:35:38.23866+00,7420,12
963,46,2,2018-01-09 13:35:38.246194+00,2018-01-09 13:35:38.250158+00,3,18
964,46,2,2018-01-09 13:35:38.257794+00,2018-01-09 13:35:38.261869+00,32,12
965,46,3,2018-01-09 13:35:38.269551+00,2018-01-09 13:35:38.273723+00,7734,12
1054,50,3,2018-02-20 20:08:11.894051+00,2018-02-20 20:08:11.894075+00,7420,12
1055,50,3,2018-02-20 20:08:11.899619+00,2018-02-20 20:08:11.899644+00,190,6
1059,36,2,2018-02-27 19:50:36.465795+00,2018-02-27 19:50:36.465819+00,116,12
1060,36,4,2018-02-27 19:50:36.471022+00,2018-02-27 19:50:36.471046+00,7841,12
1061,36,4,2018-02-27 19:50:36.4761+00,2018-02-27 19:50:36.476124+00,7455,12
1062,36,3,2018-02-27 19:50:36.481056+00,2018-02-27 19:50:36.48108+00,8455,12
1063,36,4,2018-02-27 19:50:36.486202+00,2018-02-27 19:50:36.486226+00,178,6
1064,36,3,2018-02-27 19:50:36.491244+00,2018-02-27 19:50:36.491273+00,7606,6
1065,36,3,2018-02-27 19:50:36.495903+00,2018-02-27 19:50:36.49593+00,7442,12
1066,36,2,2018-02-27 19:50:36.501083+00,2018-02-27 19:50:36.501107+00,7463,12
1067,36,2,2018-02-28 13:45:43.73896+00,2018-02-28 13:45:43.738994+00,7414,6
1068,36,1,2018-02-28 13:45:43.745855+00,2018-02-28 13:45:43.74588+00,7704,6
1069,36,2,2018-02-28 13:45:43.75088+00,2018-02-28 13:45:43.750909+00,32,6
1070,36,2,2018-02-28 13:45:43.755702+00,2018-02-28 13:45:43.755746+00,7718,6
989,47,4,2018-01-09 13:37:13.936958+00,2018-01-09 13:37:13.943157+00,7384,12
990,47,5,2018-01-09 13:37:13.952612+00,2018-01-09 13:37:13.957959+00,858,12
991,47,4,2018-01-09 13:37:13.966823+00,2018-01-09 13:37:13.971955+00,304,12
992,47,3,2018-01-09 13:37:13.98114+00,2018-01-09 13:37:13.986202+00,127,12
993,47,5,2018-01-09 13:37:13.995906+00,2018-01-09 13:37:14.001744+00,7825,6
994,47,5,2018-01-09 13:37:14.010668+00,2018-01-09 13:37:14.015888+00,7428,12
995,47,3,2018-01-09 13:37:14.026495+00,2018-01-09 13:37:14.031675+00,402,6
996,47,5,2018-01-09 13:37:14.041174+00,2018-01-09 13:37:14.046267+00,7,12
997,47,2,2018-01-09 13:37:14.055525+00,2018-01-09 13:37:14.060924+00,156,6
998,47,4,2018-01-09 13:37:14.070305+00,2018-01-09 13:37:14.0762+00,7525,12
999,47,4,2018-01-09 13:37:14.085517+00,2018-01-09 13:37:14.090365+00,211,6
1000,47,3,2018-01-09 13:37:14.099743+00,2018-01-09 13:37:14.105027+00,7420,12
1001,47,4,2018-01-09 13:37:14.114556+00,2018-01-09 13:37:14.119883+00,3184,12
1002,47,5,2018-01-09 13:37:14.129422+00,2018-01-09 13:37:14.135183+00,3,12
1003,47,3,2018-01-09 13:37:14.144807+00,2018-01-09 13:37:14.149849+00,7378,12
1004,47,3,2018-01-09 13:37:14.159051+00,2018-01-09 13:37:14.164348+00,7419,6
1005,47,2,2018-01-09 13:37:14.173711+00,2018-01-09 13:37:14.179059+00,57,6
1006,47,5,2018-01-09 13:37:14.188756+00,2018-01-09 13:37:14.193857+00,7537,12
1007,47,5,2018-01-09 13:37:14.203231+00,2018-01-09 13:37:14.208581+00,7379,12
1008,47,5,2018-01-09 13:37:14.218039+00,2018-01-09 13:37:14.223338+00,7536,12
1009,47,4,2018-01-09 13:37:14.232938+00,2018-01-09 13:37:14.238054+00,7423,12
1010,47,5,2018-01-09 13:37:14.247308+00,2018-01-09 13:37:14.252502+00,32,12
1011,47,3,2018-01-09 13:37:14.261546+00,2018-01-09 13:37:14.266531+00,7443,12
1071,52,4,2018-03-05 22:47:30.396858+00,2018-03-05 22:47:30.396893+00,7420,12
1072,52,2,2018-03-05 23:01:25.94047+00,2018-03-05 23:01:25.940505+00,306,12
1073,52,4,2018-03-05 23:01:25.990139+00,2018-03-05 23:01:25.990177+00,6633,12
1074,52,2,2018-03-05 23:01:26.014476+00,2018-03-05 23:01:26.014515+00,166,12
1075,52,4,2018-03-05 23:01:26.027215+00,2018-03-05 23:01:26.027247+00,156,12
1076,52,4,2018-03-05 23:01:26.03723+00,2018-03-05 23:01:26.037261+00,7496,12
1077,53,5,2018-03-16 14:04:50.62931+00,2018-03-16 14:04:50.629343+00,7474,12
1078,53,2,2018-03-16 14:04:50.634537+00,2018-03-16 14:04:50.63456+00,57,6
1079,54,5,2018-03-16 16:34:59.98402+00,2018-03-16 16:34:59.984052+00,6633,6
1080,54,1,2018-03-16 16:34:59.990018+00,2018-03-16 16:34:59.990041+00,57,6
1081,53,2,2018-03-20 22:53:21.020664+00,2018-03-20 22:53:21.020698+00,20,6
1082,53,4,2018-03-20 22:53:21.02829+00,2018-03-20 22:53:21.028314+00,203,12
1083,53,4,2018-03-20 22:53:21.034122+00,2018-03-20 22:53:21.034147+00,6633,6
1084,53,1,2018-03-20 22:53:21.039508+00,2018-03-20 22:53:21.039531+00,153,6
1085,53,5,2018-03-20 22:53:21.044157+00,2018-03-20 22:53:21.044181+00,502,12
1086,53,3,2018-03-20 22:53:21.048947+00,2018-03-20 22:53:21.048971+00,7420,12
1087,53,2,2018-03-20 22:53:21.053936+00,2018-03-20 22:53:21.053961+00,7518,6
1088,55,2,2018-03-29 00:38:02.323354+00,2018-03-29 00:38:02.32339+00,402,6
1089,55,2,2018-03-29 00:38:02.336773+00,2018-03-29 00:38:02.336812+00,57,6
1090,55,3,2018-03-29 00:38:02.341103+00,2018-03-29 00:38:02.341129+00,114,6
1091,55,5,2018-03-29 00:38:02.345088+00,2018-03-29 00:38:02.345116+00,7420,12
1092,55,5,2018-03-29 00:49:21.375956+00,2018-03-29 00:49:21.375989+00,7378,12
1093,55,3,2018-03-29 00:49:21.382464+00,2018-03-29 00:49:21.382489+00,7474,6
1094,55,2,2018-03-29 00:49:21.387154+00,2018-03-29 00:49:21.387179+00,79,6
1095,55,3,2018-03-29 00:49:21.39188+00,2018-03-29 00:49:21.391904+00,7483,6
1096,55,3,2018-03-29 00:49:21.396438+00,2018-03-29 00:49:21.396462+00,203,12
1097,56,4,2018-04-24 16:40:23.999924+00,2018-04-24 16:40:23.999956+00,6635,6
1098,56,4,2018-04-24 16:40:24.009081+00,2018-04-24 16:40:24.009111+00,7529,6
1099,56,2,2018-04-24 16:40:24.013661+00,2018-04-24 16:40:24.013687+00,166,6
1100,56,4,2018-04-24 16:40:24.017744+00,2018-04-24 16:40:24.017767+00,156,6
1101,56,3,2018-04-24 16:40:24.021279+00,2018-04-24 16:40:24.021302+00,6633,6
1102,56,2,2018-04-24 16:40:24.024799+00,2018-04-24 16:40:24.024822+00,57,6
1103,56,2,2018-04-24 16:40:24.028604+00,2018-04-24 16:40:24.028628+00,7420,6
1104,38,4,2018-04-26 20:11:05.879868+00,2018-04-26 20:11:05.879901+00,7461,6
1105,38,2,2018-04-26 20:11:05.884795+00,2018-04-26 20:11:05.884827+00,7496,12
1106,38,2,2018-04-26 20:11:05.888461+00,2018-04-26 20:11:05.888486+00,178,6
1107,38,3,2018-04-26 20:11:05.892176+00,2018-04-26 20:11:05.892201+00,7453,12
1108,38,2,2018-04-26 20:11:05.895615+00,2018-04-26 20:11:05.895643+00,170,6
1109,38,4,2018-04-26 20:11:05.89901+00,2018-04-26 20:11:05.899035+00,32,12
1110,38,2,2018-04-26 20:11:05.902646+00,2018-04-26 20:11:05.902674+00,3,6
1111,38,3,2018-04-26 20:11:05.905911+00,2018-04-26 20:11:05.905935+00,7514,6
1112,57,2,2018-05-01 21:58:49.786253+00,2018-05-01 21:58:49.786287+00,31,6
1113,57,3,2018-05-01 21:58:49.79256+00,2018-05-01 21:58:49.792586+00,7411,6
1114,57,2,2018-05-01 21:58:49.796265+00,2018-05-01 21:58:49.796292+00,7647,6
1115,57,2,2018-05-01 21:58:49.799772+00,2018-05-01 21:58:49.799796+00,306,6
1116,57,3,2018-05-01 21:58:49.803351+00,2018-05-01 21:58:49.80338+00,7447,6
1117,57,4,2018-05-01 21:58:49.806902+00,2018-05-01 21:58:49.806928+00,7682,6
1118,57,4,2018-05-01 21:58:49.810219+00,2018-05-01 21:58:49.810244+00,153,6
1119,57,1,2018-05-01 21:58:49.813645+00,2018-05-01 21:58:49.81367+00,7378,6
1120,57,4,2018-05-01 21:58:49.817019+00,2018-05-01 21:58:49.817043+00,473,6
1121,57,3,2018-05-01 21:58:49.820623+00,2018-05-01 21:58:49.820647+00,7406,6
1122,57,2,2018-05-01 21:58:49.824219+00,2018-05-01 21:58:49.824243+00,7421,6
1123,57,1,2018-05-01 21:58:49.827579+00,2018-05-01 21:58:49.827604+00,7427,6
1124,57,4,2018-05-01 21:58:49.830926+00,2018-05-01 21:58:49.83095+00,7539,12
1125,57,5,2018-05-01 21:58:49.834234+00,2018-05-01 21:58:49.834257+00,25,12
1126,57,5,2018-05-01 21:58:49.837593+00,2018-05-01 21:58:49.837622+00,6635,6
1127,57,4,2018-05-01 21:58:49.841054+00,2018-05-01 21:58:49.841086+00,23,6
1128,57,5,2018-05-01 21:58:49.845318+00,2018-05-01 21:58:49.845344+00,199,12
1129,57,4,2018-05-01 21:58:49.850184+00,2018-05-01 21:58:49.85021+00,7518,6
1130,57,4,2018-05-01 21:58:49.854999+00,2018-05-01 21:58:49.855024+00,57,6
1131,57,4,2018-05-01 21:58:49.860203+00,2018-05-01 21:58:49.860228+00,6633,12
1132,57,4,2018-05-01 21:58:49.864212+00,2018-05-01 21:58:49.864236+00,51,12
1133,57,2,2018-05-01 21:58:49.868555+00,2018-05-01 21:58:49.86858+00,11986,6
1134,57,3,2018-05-01 21:58:49.873326+00,2018-05-01 21:58:49.873351+00,114,6
1135,57,3,2018-05-01 21:58:49.877391+00,2018-05-01 21:58:49.877415+00,211,6
1136,57,2,2018-05-01 21:58:49.88217+00,2018-05-01 21:58:49.882196+00,203,6
1137,57,2,2018-05-01 21:58:49.886965+00,2018-05-01 21:58:49.88699+00,12,6
1138,57,4,2018-05-01 21:58:49.89176+00,2018-05-01 21:58:49.891784+00,7420,6
1139,57,4,2018-05-01 21:58:49.896803+00,2018-05-01 21:58:49.896828+00,166,12
1140,7,4,2018-05-14 22:48:40.4086+00,2018-05-14 22:48:40.408636+00,7442,6
1141,7,2,2018-05-14 22:48:40.415097+00,2018-05-14 22:48:40.415123+00,7559,12
1142,7,2,2018-05-14 22:48:40.418854+00,2018-05-14 22:48:40.418878+00,7425,6
1143,7,3,2018-05-14 22:48:40.42256+00,2018-05-14 22:48:40.422585+00,7473,6
1144,7,3,2018-05-14 22:48:40.426207+00,2018-05-14 22:48:40.426241+00,7485,12
159,7,2,2017-03-07 19:33:53.452725+00,2017-03-07 19:33:53.452749+00,3,6
1145,59,5,2018-06-28 17:43:55.211819+00,2018-06-28 17:43:55.211855+00,7428,6
1146,59,4,2018-06-28 17:43:55.220527+00,2018-06-28 17:43:55.220557+00,7485,6
1147,59,5,2018-06-28 17:43:55.224305+00,2018-06-28 17:43:55.224332+00,32,6
1148,59,5,2018-06-28 17:43:55.228232+00,2018-06-28 17:43:55.228258+00,3,6
